[2026-09-07 11:00:27,612] INFO Terminating process due to signal SIGTERM (org.apache.kafka.common.utils.LoggingSignalHandler)
[2026-09-07 11:00:27,612] INFO Terminating process due to signal SIGTERM (org.apache.kafka.common.utils.LoggingSignalHandler)
[2026-09-07 11:00:27,617] INFO [BrokerServer id=1] Transition from STARTED to SHUTTING_DOWN (kafka.server.BrokerServer)
[2026-09-07 11:00:27,618] INFO [BrokerServer id=1] shutting down (kafka.server.BrokerServer)
[2026-09-07 11:00:27,618] INFO [BrokerLifecycleManager id=1] Beginning controlled shutdown. (org.apache.kafka.server.BrokerLifecycleManager)
[2026-09-07 11:00:27,655] INFO [BrokerLifecycleManager id=1] The broker is in PENDING_CONTROLLED_SHUTDOWN state, still waiting for the active controller. (org.apache.kafka.server.BrokerLifecycleManager)
[2026-09-07 11:00:27,671] INFO [ReplicaFetcherManager on broker 1] Removed fetcher for partitions HashSet(__consumer_offsets-22, __consumer_offsets-30, __consumer_offsets-25, __consumer_offsets-35, __consumer_offsets-37, __consumer_offsets-38, __consumer_offsets-13, __consumer_offsets-8, __consumer_offsets-21, __consumer_offsets-4, __consumer_offsets-27, __consumer_offsets-7, __consumer_offsets-9, __consumer_offsets-46, __consumer_offsets-41, __consumer_offsets-33, __consumer_offsets-23, __consumer_offsets-49, __consumer_offsets-47, __consumer_offsets-16, __consumer_offsets-28, __consumer_offsets-31, __consumer_offsets-36, __consumer_offsets-42, __consumer_offsets-3, __consumer_offsets-18, __consumer_offsets-15, __consumer_offsets-24, __consumer_offsets-17, __consumer_offsets-48, __consumer_offsets-19, __consumer_offsets-11, __consumer_offsets-2, __consumer_offsets-43, __consumer_offsets-6, __consumer_offsets-14, __consumer_offsets-20, __consumer_offsets-0, __consumer_offsets-44, __consumer_offsets-39, __consumer_offsets-12, transfer-completed-0, __consumer_offsets-45, __consumer_offsets-1, __consumer_offsets-5, __consumer_offsets-26, __consumer_offsets-29, __consumer_offsets-34, __consumer_offsets-10, __consumer_offsets-32, __consumer_offsets-40) (kafka.server.ReplicaFetcherManager)
[2026-09-07 11:00:27,671] INFO [ReplicaAlterLogDirsManager on broker 1] Removed fetcher for partitions HashSet(__consumer_offsets-22, __consumer_offsets-30, __consumer_offsets-25, __consumer_offsets-35, __consumer_offsets-37, __consumer_offsets-38, __consumer_offsets-13, __consumer_offsets-8, __consumer_offsets-21, __consumer_offsets-4, __consumer_offsets-27, __consumer_offsets-7, __consumer_offsets-9, __consumer_offsets-46, __consumer_offsets-41, __consumer_offsets-33, __consumer_offsets-23, __consumer_offsets-49, __consumer_offsets-47, __consumer_offsets-16, __consumer_offsets-28, __consumer_offsets-31, __consumer_offsets-36, __consumer_offsets-42, __consumer_offsets-3, __consumer_offsets-18, __consumer_offsets-15, __consumer_offsets-24, __consumer_offsets-17, __consumer_offsets-48, __consumer_offsets-19, __consumer_offsets-11, __consumer_offsets-2, __consumer_offsets-43, __consumer_offsets-6, __consumer_offsets-14, __consumer_offsets-20, __consumer_offsets-0, __consumer_offsets-44, __consumer_offsets-39, __consumer_offsets-12, transfer-completed-0, __consumer_offsets-45, __consumer_offsets-1, __consumer_offsets-5, __consumer_offsets-26, __consumer_offsets-29, __consumer_offsets-34, __consumer_offsets-10, __consumer_offsets-32, __consumer_offsets-40) (kafka.server.ReplicaAlterLogDirsManager)
[2026-09-07 11:00:27,675] INFO [GroupCoordinator id=1] Scheduling unloading of metadata for __consumer_offsets-13 with epoch OptionalInt[1] (org.apache.kafka.coordinator.common.runtime.CoordinatorRuntime)
[2026-09-07 11:00:27,676] INFO [GroupCoordinator id=1] Scheduling unloading of metadata for __consumer_offsets-46 with epoch OptionalInt[1] (org.apache.kafka.coordinator.common.runtime.CoordinatorRuntime)
[2026-09-07 11:00:27,676] INFO [GroupCoordinator id=1] Started unloading metadata for __consumer_offsets-13 with epoch OptionalInt[1]. (org.apache.kafka.coordinator.common.runtime.CoordinatorRuntime)
[2026-09-07 11:00:27,676] INFO [GroupCoordinator id=1] Started unloading metadata for __consumer_offsets-46 with epoch OptionalInt[1]. (org.apache.kafka.coordinator.common.runtime.CoordinatorRuntime)
[2026-09-07 11:00:27,676] INFO [GroupCoordinator id=1] Scheduling unloading of metadata for __consumer_offsets-9 with epoch OptionalInt[1] (org.apache.kafka.coordinator.common.runtime.CoordinatorRuntime)
[2026-09-07 11:00:27,676] INFO [GroupCoordinator id=1] Finished unloading metadata for __consumer_offsets-13 with epoch OptionalInt[1]. (org.apache.kafka.coordinator.common.runtime.CoordinatorRuntime)
[2026-09-07 11:00:27,676] INFO [GroupCoordinator id=1] Started unloading metadata for __consumer_offsets-9 with epoch OptionalInt[1]. (org.apache.kafka.coordinator.common.runtime.CoordinatorRuntime)
[2026-09-07 11:00:27,676] INFO [GroupCoordinator id=1] Finished unloading metadata for __consumer_offsets-9 with epoch OptionalInt[1]. (org.apache.kafka.coordinator.common.runtime.CoordinatorRuntime)
[2026-09-07 11:00:27,676] INFO [GroupCoordinator id=1] Scheduling unloading of metadata for __consumer_offsets-42 with epoch OptionalInt[1] (org.apache.kafka.coordinator.common.runtime.CoordinatorRuntime)
[2026-09-07 11:00:27,676] INFO [GroupCoordinator id=1] Finished unloading metadata for __consumer_offsets-46 with epoch OptionalInt[1]. (org.apache.kafka.coordinator.common.runtime.CoordinatorRuntime)
[2026-09-07 11:00:27,676] INFO [GroupCoordinator id=1] Scheduling unloading of metadata for __consumer_offsets-21 with epoch OptionalInt[1] (org.apache.kafka.coordinator.common.runtime.CoordinatorRuntime)
[2026-09-07 11:00:27,676] INFO [GroupCoordinator id=1] Started unloading metadata for __consumer_offsets-42 with epoch OptionalInt[1]. (org.apache.kafka.coordinator.common.runtime.CoordinatorRuntime)
[2026-09-07 11:00:27,676] INFO [GroupCoordinator id=1] Started unloading metadata for __consumer_offsets-21 with epoch OptionalInt[1]. (org.apache.kafka.coordinator.common.runtime.CoordinatorRuntime)
[2026-09-07 11:00:27,676] INFO [GroupCoordinator id=1] Finished unloading metadata for __consumer_offsets-42 with epoch OptionalInt[1]. (org.apache.kafka.coordinator.common.runtime.CoordinatorRuntime)
[2026-09-07 11:00:27,676] INFO [GroupCoordinator id=1] Scheduling unloading of metadata for __consumer_offsets-17 with epoch OptionalInt[1] (org.apache.kafka.coordinator.common.runtime.CoordinatorRuntime)
[2026-09-07 11:00:27,676] INFO [GroupCoordinator id=1] Finished unloading metadata for __consumer_offsets-21 with epoch OptionalInt[1]. (org.apache.kafka.coordinator.common.runtime.CoordinatorRuntime)
[2026-09-07 11:00:27,676] INFO [GroupCoordinator id=1] Scheduling unloading of metadata for __consumer_offsets-30 with epoch OptionalInt[1] (org.apache.kafka.coordinator.common.runtime.CoordinatorRuntime)
[2026-09-07 11:00:27,676] INFO [GroupCoordinator id=1] Started unloading metadata for __consumer_offsets-17 with epoch OptionalInt[1]. (org.apache.kafka.coordinator.common.runtime.CoordinatorRuntime)
[2026-09-07 11:00:27,676] INFO [GroupCoordinator id=1] Started unloading metadata for __consumer_offsets-30 with epoch OptionalInt[1]. (org.apache.kafka.coordinator.common.runtime.CoordinatorRuntime)
[2026-09-07 11:00:27,676] INFO [GroupCoordinator id=1] Scheduling unloading of metadata for __consumer_offsets-26 with epoch OptionalInt[1] (org.apache.kafka.coordinator.common.runtime.CoordinatorRuntime)
[2026-09-07 11:00:27,676] INFO [GroupCoordinator id=1] Finished unloading metadata for __consumer_offsets-17 with epoch OptionalInt[1]. (org.apache.kafka.coordinator.common.runtime.CoordinatorRuntime)
[2026-09-07 11:00:27,677] INFO [GroupCoordinator id=1] Scheduling unloading of metadata for __consumer_offsets-5 with epoch OptionalInt[1] (org.apache.kafka.coordinator.common.runtime.CoordinatorRuntime)
[2026-09-07 11:00:27,676] INFO [GroupCoordinator id=1] Finished unloading metadata for __consumer_offsets-30 with epoch OptionalInt[1]. (org.apache.kafka.coordinator.common.runtime.CoordinatorRuntime)
[2026-09-07 11:00:27,677] INFO [GroupCoordinator id=1] Scheduling unloading of metadata for __consumer_offsets-38 with epoch OptionalInt[1] (org.apache.kafka.coordinator.common.runtime.CoordinatorRuntime)
[2026-09-07 11:00:27,677] INFO [GroupCoordinator id=1] Started unloading metadata for __consumer_offsets-26 with epoch OptionalInt[1]. (org.apache.kafka.coordinator.common.runtime.CoordinatorRuntime)
[2026-09-07 11:00:27,677] INFO [GroupCoordinator id=1] Scheduling unloading of metadata for __consumer_offsets-1 with epoch OptionalInt[1] (org.apache.kafka.coordinator.common.runtime.CoordinatorRuntime)
[2026-09-07 11:00:27,677] INFO [GroupCoordinator id=1] Finished unloading metadata for __consumer_offsets-26 with epoch OptionalInt[1]. (org.apache.kafka.coordinator.common.runtime.CoordinatorRuntime)
[2026-09-07 11:00:27,677] INFO [GroupCoordinator id=1] Scheduling unloading of metadata for __consumer_offsets-34 with epoch OptionalInt[1] (org.apache.kafka.coordinator.common.runtime.CoordinatorRuntime)
[2026-09-07 11:00:27,677] INFO [GroupCoordinator id=1] Started unloading metadata for __consumer_offsets-5 with epoch OptionalInt[1]. (org.apache.kafka.coordinator.common.runtime.CoordinatorRuntime)
[2026-09-07 11:00:27,677] INFO [GroupCoordinator id=1] Scheduling unloading of metadata for __consumer_offsets-16 with epoch OptionalInt[1] (org.apache.kafka.coordinator.common.runtime.CoordinatorRuntime)
[2026-09-07 11:00:27,677] INFO [GroupCoordinator id=1] Finished unloading metadata for __consumer_offsets-5 with epoch OptionalInt[1]. (org.apache.kafka.coordinator.common.runtime.CoordinatorRuntime)
[2026-09-07 11:00:27,677] INFO [GroupCoordinator id=1] Started unloading metadata for __consumer_offsets-1 with epoch OptionalInt[1]. (org.apache.kafka.coordinator.common.runtime.CoordinatorRuntime)
[2026-09-07 11:00:27,677] INFO [GroupCoordinator id=1] Started unloading metadata for __consumer_offsets-16 with epoch OptionalInt[1]. (org.apache.kafka.coordinator.common.runtime.CoordinatorRuntime)
[2026-09-07 11:00:27,677] INFO [GroupCoordinator id=1] Finished unloading metadata for __consumer_offsets-1 with epoch OptionalInt[1]. (org.apache.kafka.coordinator.common.runtime.CoordinatorRuntime)
[2026-09-07 11:00:27,677] INFO [GroupCoordinator id=1] Started unloading metadata for __consumer_offsets-38 with epoch OptionalInt[1]. (org.apache.kafka.coordinator.common.runtime.CoordinatorRuntime)
[2026-09-07 11:00:27,677] INFO [GroupCoordinator id=1] Finished unloading metadata for __consumer_offsets-38 with epoch OptionalInt[1]. (org.apache.kafka.coordinator.common.runtime.CoordinatorRuntime)
[2026-09-07 11:00:27,677] INFO [GroupCoordinator id=1] Started unloading metadata for __consumer_offsets-34 with epoch OptionalInt[1]. (org.apache.kafka.coordinator.common.runtime.CoordinatorRuntime)
[2026-09-07 11:00:27,677] INFO [GroupCoordinator id=1] Scheduling unloading of metadata for __consumer_offsets-45 with epoch OptionalInt[1] (org.apache.kafka.coordinator.common.runtime.CoordinatorRuntime)
[2026-09-07 11:00:27,677] INFO [GroupCoordinator id=1] Finished unloading metadata for __consumer_offsets-34 with epoch OptionalInt[1]. (org.apache.kafka.coordinator.common.runtime.CoordinatorRuntime)
[2026-09-07 11:00:27,677] INFO [GroupCoordinator id=1] Finished unloading metadata for __consumer_offsets-16 with epoch OptionalInt[1]. (org.apache.kafka.coordinator.common.runtime.CoordinatorRuntime)
[2026-09-07 11:00:27,677] INFO [GroupCoordinator id=1] Scheduling unloading of metadata for __consumer_offsets-12 with epoch OptionalInt[1] (org.apache.kafka.coordinator.common.runtime.CoordinatorRuntime)
[2026-09-07 11:00:27,677] INFO [GroupCoordinator id=1] Started unloading metadata for __consumer_offsets-45 with epoch OptionalInt[1]. (org.apache.kafka.coordinator.common.runtime.CoordinatorRuntime)
[2026-09-07 11:00:27,677] INFO [GroupCoordinator id=1] Scheduling unloading of metadata for __consumer_offsets-41 with epoch OptionalInt[1] (org.apache.kafka.coordinator.common.runtime.CoordinatorRuntime)
[2026-09-07 11:00:27,677] INFO [GroupCoordinator id=1] Started unloading metadata for __consumer_offsets-12 with epoch OptionalInt[1]. (org.apache.kafka.coordinator.common.runtime.CoordinatorRuntime)
[2026-09-07 11:00:27,677] INFO [GroupCoordinator id=1] Finished unloading metadata for __consumer_offsets-45 with epoch OptionalInt[1]. (org.apache.kafka.coordinator.common.runtime.CoordinatorRuntime)
[2026-09-07 11:00:27,677] INFO [GroupCoordinator id=1] Finished unloading metadata for __consumer_offsets-12 with epoch OptionalInt[1]. (org.apache.kafka.coordinator.common.runtime.CoordinatorRuntime)
[2026-09-07 11:00:27,677] INFO [GroupCoordinator id=1] Scheduling unloading of metadata for __consumer_offsets-24 with epoch OptionalInt[1] (org.apache.kafka.coordinator.common.runtime.CoordinatorRuntime)
[2026-09-07 11:00:27,677] INFO [GroupCoordinator id=1] Started unloading metadata for __consumer_offsets-41 with epoch OptionalInt[1]. (org.apache.kafka.coordinator.common.runtime.CoordinatorRuntime)
[2026-09-07 11:00:27,677] INFO [GroupCoordinator id=1] Started unloading metadata for __consumer_offsets-24 with epoch OptionalInt[1]. (org.apache.kafka.coordinator.common.runtime.CoordinatorRuntime)
[2026-09-07 11:00:27,677] INFO [GroupCoordinator id=1] Scheduling unloading of metadata for __consumer_offsets-20 with epoch OptionalInt[1] (org.apache.kafka.coordinator.common.runtime.CoordinatorRuntime)
[2026-09-07 11:00:27,677] INFO [GroupCoordinator id=1] Finished unloading metadata for __consumer_offsets-24 with epoch OptionalInt[1]. (org.apache.kafka.coordinator.common.runtime.CoordinatorRuntime)
[2026-09-07 11:00:27,677] INFO [GroupCoordinator id=1] Finished unloading metadata for __consumer_offsets-41 with epoch OptionalInt[1]. (org.apache.kafka.coordinator.common.runtime.CoordinatorRuntime)
[2026-09-07 11:00:27,678] INFO [GroupCoordinator id=1] Started unloading metadata for __consumer_offsets-20 with epoch OptionalInt[1]. (org.apache.kafka.coordinator.common.runtime.CoordinatorRuntime)
[2026-09-07 11:00:27,678] INFO [GroupCoordinator id=1] Finished unloading metadata for __consumer_offsets-20 with epoch OptionalInt[1]. (org.apache.kafka.coordinator.common.runtime.CoordinatorRuntime)
[2026-09-07 11:00:27,678] INFO [GroupCoordinator id=1] Scheduling unloading of metadata for __consumer_offsets-49 with epoch OptionalInt[1] (org.apache.kafka.coordinator.common.runtime.CoordinatorRuntime)
[2026-09-07 11:00:27,678] INFO [GroupCoordinator id=1] Scheduling unloading of metadata for __consumer_offsets-0 with epoch OptionalInt[1] (org.apache.kafka.coordinator.common.runtime.CoordinatorRuntime)
[2026-09-07 11:00:27,678] INFO [GroupCoordinator id=1] Started unloading metadata for __consumer_offsets-49 with epoch OptionalInt[1]. (org.apache.kafka.coordinator.common.runtime.CoordinatorRuntime)
[2026-09-07 11:00:27,678] INFO [GroupCoordinator id=1] Started unloading metadata for __consumer_offsets-0 with epoch OptionalInt[1]. (org.apache.kafka.coordinator.common.runtime.CoordinatorRuntime)
[2026-09-07 11:00:27,678] INFO [GroupCoordinator id=1] Finished unloading metadata for __consumer_offsets-49 with epoch OptionalInt[1]. (org.apache.kafka.coordinator.common.runtime.CoordinatorRuntime)
[2026-09-07 11:00:27,678] INFO [GroupCoordinator id=1] Scheduling unloading of metadata for __consumer_offsets-29 with epoch OptionalInt[1] (org.apache.kafka.coordinator.common.runtime.CoordinatorRuntime)
[2026-09-07 11:00:27,678] INFO [GroupCoordinator id=1] Finished unloading metadata for __consumer_offsets-0 with epoch OptionalInt[1]. (org.apache.kafka.coordinator.common.runtime.CoordinatorRuntime)
[2026-09-07 11:00:27,678] INFO [GroupCoordinator id=1] Started unloading metadata for __consumer_offsets-29 with epoch OptionalInt[1]. (org.apache.kafka.coordinator.common.runtime.CoordinatorRuntime)
[2026-09-07 11:00:27,678] INFO [GroupCoordinator id=1] Scheduling unloading of metadata for __consumer_offsets-25 with epoch OptionalInt[1] (org.apache.kafka.coordinator.common.runtime.CoordinatorRuntime)
[2026-09-07 11:00:27,678] INFO [GroupCoordinator id=1] Finished unloading metadata for __consumer_offsets-29 with epoch OptionalInt[1]. (org.apache.kafka.coordinator.common.runtime.CoordinatorRuntime)
[2026-09-07 11:00:27,678] INFO [GroupCoordinator id=1] Scheduling unloading of metadata for __consumer_offsets-8 with epoch OptionalInt[1] (org.apache.kafka.coordinator.common.runtime.CoordinatorRuntime)
[2026-09-07 11:00:27,678] INFO [GroupCoordinator id=1] Started unloading metadata for __consumer_offsets-25 with epoch OptionalInt[1]. (org.apache.kafka.coordinator.common.runtime.CoordinatorRuntime)
[2026-09-07 11:00:27,678] INFO [GroupCoordinator id=1] Started unloading metadata for __consumer_offsets-8 with epoch OptionalInt[1]. (org.apache.kafka.coordinator.common.runtime.CoordinatorRuntime)
[2026-09-07 11:00:27,678] INFO [GroupCoordinator id=1] Finished unloading metadata for __consumer_offsets-25 with epoch OptionalInt[1]. (org.apache.kafka.coordinator.common.runtime.CoordinatorRuntime)
[2026-09-07 11:00:27,678] INFO [GroupCoordinator id=1] Finished unloading metadata for __consumer_offsets-8 with epoch OptionalInt[1]. (org.apache.kafka.coordinator.common.runtime.CoordinatorRuntime)
[2026-09-07 11:00:27,678] INFO [GroupCoordinator id=1] Scheduling unloading of metadata for __consumer_offsets-37 with epoch OptionalInt[1] (org.apache.kafka.coordinator.common.runtime.CoordinatorRuntime)
[2026-09-07 11:00:27,678] INFO [GroupCoordinator id=1] Scheduling unloading of metadata for __consumer_offsets-4 with epoch OptionalInt[1] (org.apache.kafka.coordinator.common.runtime.CoordinatorRuntime)
[2026-09-07 11:00:27,678] INFO [GroupCoordinator id=1] Started unloading metadata for __consumer_offsets-37 with epoch OptionalInt[1]. (org.apache.kafka.coordinator.common.runtime.CoordinatorRuntime)
[2026-09-07 11:00:27,678] INFO [GroupCoordinator id=1] Started unloading metadata for __consumer_offsets-4 with epoch OptionalInt[1]. (org.apache.kafka.coordinator.common.runtime.CoordinatorRuntime)
[2026-09-07 11:00:27,678] INFO [GroupCoordinator id=1] Finished unloading metadata for __consumer_offsets-37 with epoch OptionalInt[1]. (org.apache.kafka.coordinator.common.runtime.CoordinatorRuntime)
[2026-09-07 11:00:27,678] INFO [GroupCoordinator id=1] Scheduling unloading of metadata for __consumer_offsets-33 with epoch OptionalInt[1] (org.apache.kafka.coordinator.common.runtime.CoordinatorRuntime)
[2026-09-07 11:00:27,678] INFO [GroupCoordinator id=1] Finished unloading metadata for __consumer_offsets-4 with epoch OptionalInt[1]. (org.apache.kafka.coordinator.common.runtime.CoordinatorRuntime)
[2026-09-07 11:00:27,678] INFO [GroupCoordinator id=1] Started unloading metadata for __consumer_offsets-33 with epoch OptionalInt[1]. (org.apache.kafka.coordinator.common.runtime.CoordinatorRuntime)
[2026-09-07 11:00:27,678] INFO [GroupCoordinator id=1] Scheduling unloading of metadata for __consumer_offsets-15 with epoch OptionalInt[1] (org.apache.kafka.coordinator.common.runtime.CoordinatorRuntime)
[2026-09-07 11:00:27,678] INFO [GroupCoordinator id=1] Scheduling unloading of metadata for __consumer_offsets-48 with epoch OptionalInt[1] (org.apache.kafka.coordinator.common.runtime.CoordinatorRuntime)
[2026-09-07 11:00:27,678] INFO [GroupCoordinator id=1] Finished unloading metadata for __consumer_offsets-33 with epoch OptionalInt[1]. (org.apache.kafka.coordinator.common.runtime.CoordinatorRuntime)
[2026-09-07 11:00:27,678] INFO [GroupCoordinator id=1] Scheduling unloading of metadata for __consumer_offsets-11 with epoch OptionalInt[1] (org.apache.kafka.coordinator.common.runtime.CoordinatorRuntime)
[2026-09-07 11:00:27,678] INFO [GroupCoordinator id=1] Started unloading metadata for __consumer_offsets-15 with epoch OptionalInt[1]. (org.apache.kafka.coordinator.common.runtime.CoordinatorRuntime)
[2026-09-07 11:00:27,678] INFO [GroupCoordinator id=1] Started unloading metadata for __consumer_offsets-11 with epoch OptionalInt[1]. (org.apache.kafka.coordinator.common.runtime.CoordinatorRuntime)
[2026-09-07 11:00:27,678] INFO [GroupCoordinator id=1] Finished unloading metadata for __consumer_offsets-15 with epoch OptionalInt[1]. (org.apache.kafka.coordinator.common.runtime.CoordinatorRuntime)
[2026-09-07 11:00:27,679] INFO [GroupCoordinator id=1] Finished unloading metadata for __consumer_offsets-11 with epoch OptionalInt[1]. (org.apache.kafka.coordinator.common.runtime.CoordinatorRuntime)
[2026-09-07 11:00:27,678] INFO [GroupCoordinator id=1] Started unloading metadata for __consumer_offsets-48 with epoch OptionalInt[1]. (org.apache.kafka.coordinator.common.runtime.CoordinatorRuntime)
[2026-09-07 11:00:27,678] INFO [GroupCoordinator id=1] Scheduling unloading of metadata for __consumer_offsets-44 with epoch OptionalInt[1] (org.apache.kafka.coordinator.common.runtime.CoordinatorRuntime)
[2026-09-07 11:00:27,679] INFO [GroupCoordinator id=1] Finished unloading metadata for __consumer_offsets-48 with epoch OptionalInt[1]. (org.apache.kafka.coordinator.common.runtime.CoordinatorRuntime)
[2026-09-07 11:00:27,679] INFO [GroupCoordinator id=1] Scheduling unloading of metadata for __consumer_offsets-23 with epoch OptionalInt[1] (org.apache.kafka.coordinator.common.runtime.CoordinatorRuntime)
[2026-09-07 11:00:27,679] INFO [GroupCoordinator id=1] Scheduling unloading of metadata for __consumer_offsets-19 with epoch OptionalInt[1] (org.apache.kafka.coordinator.common.runtime.CoordinatorRuntime)
[2026-09-07 11:00:27,679] INFO [GroupCoordinator id=1] Started unloading metadata for __consumer_offsets-23 with epoch OptionalInt[1]. (org.apache.kafka.coordinator.common.runtime.CoordinatorRuntime)
[2026-09-07 11:00:27,679] INFO [GroupCoordinator id=1] Scheduling unloading of metadata for __consumer_offsets-32 with epoch OptionalInt[1] (org.apache.kafka.coordinator.common.runtime.CoordinatorRuntime)
[2026-09-07 11:00:27,679] INFO [GroupCoordinator id=1] Started unloading metadata for __consumer_offsets-44 with epoch OptionalInt[1]. (org.apache.kafka.coordinator.common.runtime.CoordinatorRuntime)
[2026-09-07 11:00:27,679] INFO [GroupCoordinator id=1] Scheduling unloading of metadata for __consumer_offsets-28 with epoch OptionalInt[1] (org.apache.kafka.coordinator.common.runtime.CoordinatorRuntime)
[2026-09-07 11:00:27,679] INFO [GroupCoordinator id=1] Started unloading metadata for __consumer_offsets-32 with epoch OptionalInt[1]. (org.apache.kafka.coordinator.common.runtime.CoordinatorRuntime)
[2026-09-07 11:00:27,679] INFO [GroupCoordinator id=1] Finished unloading metadata for __consumer_offsets-44 with epoch OptionalInt[1]. (org.apache.kafka.coordinator.common.runtime.CoordinatorRuntime)
[2026-09-07 11:00:27,679] INFO [GroupCoordinator id=1] Finished unloading metadata for __consumer_offsets-32 with epoch OptionalInt[1]. (org.apache.kafka.coordinator.common.runtime.CoordinatorRuntime)
[2026-09-07 11:00:27,679] INFO [GroupCoordinator id=1] Started unloading metadata for __consumer_offsets-19 with epoch OptionalInt[1]. (org.apache.kafka.coordinator.common.runtime.CoordinatorRuntime)
[2026-09-07 11:00:27,679] INFO [GroupCoordinator id=1] Started unloading metadata for __consumer_offsets-28 with epoch OptionalInt[1]. (org.apache.kafka.coordinator.common.runtime.CoordinatorRuntime)
[2026-09-07 11:00:27,679] INFO [GroupCoordinator id=1] Scheduling unloading of metadata for __consumer_offsets-7 with epoch OptionalInt[1] (org.apache.kafka.coordinator.common.runtime.CoordinatorRuntime)
[2026-09-07 11:00:27,679] INFO [GroupCoordinator id=1] Finished unloading metadata for __consumer_offsets-19 with epoch OptionalInt[1]. (org.apache.kafka.coordinator.common.runtime.CoordinatorRuntime)
[2026-09-07 11:00:27,679] INFO [GroupCoordinator id=1] Started unloading metadata for __consumer_offsets-7 with epoch OptionalInt[1]. (org.apache.kafka.coordinator.common.runtime.CoordinatorRuntime)
[2026-09-07 11:00:27,679] INFO [GroupCoordinator id=1] Finished unloading metadata for __consumer_offsets-23 with epoch OptionalInt[1]. (org.apache.kafka.coordinator.common.runtime.CoordinatorRuntime)
[2026-09-07 11:00:27,679] INFO [GroupCoordinator id=1] Scheduling unloading of metadata for __consumer_offsets-40 with epoch OptionalInt[1] (org.apache.kafka.coordinator.common.runtime.CoordinatorRuntime)
[2026-09-07 11:00:27,679] INFO [GroupCoordinator id=1] Scheduling unloading of metadata for __consumer_offsets-3 with epoch OptionalInt[1] (org.apache.kafka.coordinator.common.runtime.CoordinatorRuntime)
[2026-09-07 11:00:27,679] INFO [GroupCoordinator id=1] Finished unloading metadata for __consumer_offsets-7 with epoch OptionalInt[1]. (org.apache.kafka.coordinator.common.runtime.CoordinatorRuntime)
[2026-09-07 11:00:27,679] INFO [GroupCoordinator id=1] Finished unloading metadata for __consumer_offsets-28 with epoch OptionalInt[1]. (org.apache.kafka.coordinator.common.runtime.CoordinatorRuntime)
[2026-09-07 11:00:27,679] INFO [GroupCoordinator id=1] Started unloading metadata for __consumer_offsets-40 with epoch OptionalInt[1]. (org.apache.kafka.coordinator.common.runtime.CoordinatorRuntime)
[2026-09-07 11:00:27,679] INFO [GroupCoordinator id=1] Scheduling unloading of metadata for __consumer_offsets-36 with epoch OptionalInt[1] (org.apache.kafka.coordinator.common.runtime.CoordinatorRuntime)
[2026-09-07 11:00:27,679] INFO [GroupCoordinator id=1] Finished unloading metadata for __consumer_offsets-40 with epoch OptionalInt[1]. (org.apache.kafka.coordinator.common.runtime.CoordinatorRuntime)
[2026-09-07 11:00:27,679] INFO [GroupCoordinator id=1] Started unloading metadata for __consumer_offsets-3 with epoch OptionalInt[1]. (org.apache.kafka.coordinator.common.runtime.CoordinatorRuntime)
[2026-09-07 11:00:27,679] INFO [GroupCoordinator id=1] Scheduling unloading of metadata for __consumer_offsets-47 with epoch OptionalInt[1] (org.apache.kafka.coordinator.common.runtime.CoordinatorRuntime)
[2026-09-07 11:00:27,679] INFO [GroupCoordinator id=1] Finished unloading metadata for __consumer_offsets-3 with epoch OptionalInt[1]. (org.apache.kafka.coordinator.common.runtime.CoordinatorRuntime)
[2026-09-07 11:00:27,679] INFO [GroupCoordinator id=1] Started unloading metadata for __consumer_offsets-36 with epoch OptionalInt[1]. (org.apache.kafka.coordinator.common.runtime.CoordinatorRuntime)
[2026-09-07 11:00:27,679] INFO [GroupCoordinator id=1] Scheduling unloading of metadata for __consumer_offsets-14 with epoch OptionalInt[1] (org.apache.kafka.coordinator.common.runtime.CoordinatorRuntime)
[2026-09-07 11:00:27,679] INFO [GroupCoordinator id=1] Finished unloading metadata for __consumer_offsets-36 with epoch OptionalInt[1]. (org.apache.kafka.coordinator.common.runtime.CoordinatorRuntime)
[2026-09-07 11:00:27,679] INFO [GroupCoordinator id=1] Started unloading metadata for __consumer_offsets-47 with epoch OptionalInt[1]. (org.apache.kafka.coordinator.common.runtime.CoordinatorRuntime)
[2026-09-07 11:00:27,679] INFO [GroupCoordinator id=1] Scheduling unloading of metadata for __consumer_offsets-43 with epoch OptionalInt[1] (org.apache.kafka.coordinator.common.runtime.CoordinatorRuntime)
[2026-09-07 11:00:27,679] INFO [GroupCoordinator id=1] Started unloading metadata for __consumer_offsets-14 with epoch OptionalInt[1]. (org.apache.kafka.coordinator.common.runtime.CoordinatorRuntime)
[2026-09-07 11:00:27,679] INFO [GroupCoordinator id=1] Scheduling unloading of metadata for __consumer_offsets-10 with epoch OptionalInt[1] (org.apache.kafka.coordinator.common.runtime.CoordinatorRuntime)
[2026-09-07 11:00:27,679] INFO [GroupCoordinator id=1] Started unloading metadata for __consumer_offsets-43 with epoch OptionalInt[1]. (org.apache.kafka.coordinator.common.runtime.CoordinatorRuntime)
[2026-09-07 11:00:27,680] INFO [GroupCoordinator id=1] Scheduling unloading of metadata for __consumer_offsets-22 with epoch OptionalInt[1] (org.apache.kafka.coordinator.common.runtime.CoordinatorRuntime)
[2026-09-07 11:00:27,680] INFO [GroupCoordinator id=1] Finished unloading metadata for __consumer_offsets-14 with epoch OptionalInt[1]. (org.apache.kafka.coordinator.common.runtime.CoordinatorRuntime)
[2026-09-07 11:00:27,680] INFO [GroupCoordinator id=1 topic=__consumer_offsets partition=47] [GroupId=ledger-service] Unloading group metadata for generation 70. (org.apache.kafka.coordinator.group.GroupMetadataManager)
[2026-09-07 11:00:27,680] INFO [GroupCoordinator id=1] Started unloading metadata for __consumer_offsets-10 with epoch OptionalInt[1]. (org.apache.kafka.coordinator.common.runtime.CoordinatorRuntime)
[2026-09-07 11:00:27,680] INFO [GroupCoordinator id=1] Started unloading metadata for __consumer_offsets-22 with epoch OptionalInt[1]. (org.apache.kafka.coordinator.common.runtime.CoordinatorRuntime)
[2026-09-07 11:00:27,680] INFO [GroupCoordinator id=1] Finished unloading metadata for __consumer_offsets-43 with epoch OptionalInt[1]. (org.apache.kafka.coordinator.common.runtime.CoordinatorRuntime)
[2026-09-07 11:00:27,680] INFO [GroupCoordinator id=1] Finished unloading metadata for __consumer_offsets-10 with epoch OptionalInt[1]. (org.apache.kafka.coordinator.common.runtime.CoordinatorRuntime)
[2026-09-07 11:00:27,680] INFO [GroupCoordinator id=1] Finished unloading metadata for __consumer_offsets-22 with epoch OptionalInt[1]. (org.apache.kafka.coordinator.common.runtime.CoordinatorRuntime)
[2026-09-07 11:00:27,680] INFO [GroupCoordinator id=1] Scheduling unloading of metadata for __consumer_offsets-18 with epoch OptionalInt[1] (org.apache.kafka.coordinator.common.runtime.CoordinatorRuntime)
[2026-09-07 11:00:27,680] INFO [GroupCoordinator id=1] Finished unloading metadata for __consumer_offsets-47 with epoch OptionalInt[1]. (org.apache.kafka.coordinator.common.runtime.CoordinatorRuntime)
[2026-09-07 11:00:27,680] INFO [GroupCoordinator id=1] Scheduling unloading of metadata for __consumer_offsets-31 with epoch OptionalInt[1] (org.apache.kafka.coordinator.common.runtime.CoordinatorRuntime)
[2026-09-07 11:00:27,680] INFO [GroupCoordinator id=1] Started unloading metadata for __consumer_offsets-18 with epoch OptionalInt[1]. (org.apache.kafka.coordinator.common.runtime.CoordinatorRuntime)
[2026-09-07 11:00:27,680] INFO [GroupCoordinator id=1] Scheduling unloading of metadata for __consumer_offsets-27 with epoch OptionalInt[1] (org.apache.kafka.coordinator.common.runtime.CoordinatorRuntime)
[2026-09-07 11:00:27,680] INFO [GroupCoordinator id=1] Finished unloading metadata for __consumer_offsets-18 with epoch OptionalInt[1]. (org.apache.kafka.coordinator.common.runtime.CoordinatorRuntime)
[2026-09-07 11:00:27,680] INFO [GroupCoordinator id=1] Started unloading metadata for __consumer_offsets-27 with epoch OptionalInt[1]. (org.apache.kafka.coordinator.common.runtime.CoordinatorRuntime)
[2026-09-07 11:00:27,680] INFO [GroupCoordinator id=1] Scheduling unloading of metadata for __consumer_offsets-39 with epoch OptionalInt[1] (org.apache.kafka.coordinator.common.runtime.CoordinatorRuntime)
[2026-09-07 11:00:27,680] INFO [GroupCoordinator id=1] Finished unloading metadata for __consumer_offsets-27 with epoch OptionalInt[1]. (org.apache.kafka.coordinator.common.runtime.CoordinatorRuntime)
[2026-09-07 11:00:27,680] INFO [GroupCoordinator id=1] Started unloading metadata for __consumer_offsets-31 with epoch OptionalInt[1]. (org.apache.kafka.coordinator.common.runtime.CoordinatorRuntime)
[2026-09-07 11:00:27,680] INFO [GroupCoordinator id=1] Scheduling unloading of metadata for __consumer_offsets-6 with epoch OptionalInt[1] (org.apache.kafka.coordinator.common.runtime.CoordinatorRuntime)
[2026-09-07 11:00:27,680] INFO [GroupCoordinator id=1] Started unloading metadata for __consumer_offsets-39 with epoch OptionalInt[1]. (org.apache.kafka.coordinator.common.runtime.CoordinatorRuntime)
[2026-09-07 11:00:27,680] INFO [GroupCoordinator id=1] Finished unloading metadata for __consumer_offsets-31 with epoch OptionalInt[1]. (org.apache.kafka.coordinator.common.runtime.CoordinatorRuntime)
[2026-09-07 11:00:27,680] INFO [GroupCoordinator id=1] Scheduling unloading of metadata for __consumer_offsets-35 with epoch OptionalInt[1] (org.apache.kafka.coordinator.common.runtime.CoordinatorRuntime)
[2026-09-07 11:00:27,680] INFO [GroupCoordinator id=1] Started unloading metadata for __consumer_offsets-6 with epoch OptionalInt[1]. (org.apache.kafka.coordinator.common.runtime.CoordinatorRuntime)
[2026-09-07 11:00:27,680] INFO [GroupCoordinator id=1] Scheduling unloading of metadata for __consumer_offsets-2 with epoch OptionalInt[1] (org.apache.kafka.coordinator.common.runtime.CoordinatorRuntime)
[2026-09-07 11:00:27,680] INFO [GroupCoordinator id=1] Started unloading metadata for __consumer_offsets-35 with epoch OptionalInt[1]. (org.apache.kafka.coordinator.common.runtime.CoordinatorRuntime)
[2026-09-07 11:00:27,680] INFO [GroupCoordinator id=1] Finished unloading metadata for __consumer_offsets-6 with epoch OptionalInt[1]. (org.apache.kafka.coordinator.common.runtime.CoordinatorRuntime)
[2026-09-07 11:00:27,680] INFO [GroupCoordinator id=1] Finished unloading metadata for __consumer_offsets-35 with epoch OptionalInt[1]. (org.apache.kafka.coordinator.common.runtime.CoordinatorRuntime)
[2026-09-07 11:00:27,680] INFO [GroupCoordinator id=1] Finished unloading metadata for __consumer_offsets-39 with epoch OptionalInt[1]. (org.apache.kafka.coordinator.common.runtime.CoordinatorRuntime)
[2026-09-07 11:00:27,680] INFO [GroupCoordinator id=1] Started unloading metadata for __consumer_offsets-2 with epoch OptionalInt[1]. (org.apache.kafka.coordinator.common.runtime.CoordinatorRuntime)
[2026-09-07 11:00:27,680] INFO [GroupCoordinator id=1] Finished unloading metadata for __consumer_offsets-2 with epoch OptionalInt[1]. (org.apache.kafka.coordinator.common.runtime.CoordinatorRuntime)
[2026-09-07 11:00:27,742] INFO [BrokerLifecycleManager id=1] The controller has asked us to exit controlled shutdown. (org.apache.kafka.server.BrokerLifecycleManager)
[2026-09-07 11:00:27,742] INFO [BrokerLifecycleManager id=1] beginShutdown: shutting down event queue. (org.apache.kafka.queue.KafkaEventQueue)
[2026-09-07 11:00:27,742] INFO [BrokerLifecycleManager id=1] Transitioning from PENDING_CONTROLLED_SHUTDOWN to SHUTTING_DOWN. (org.apache.kafka.server.BrokerLifecycleManager)
[2026-09-07 11:00:27,742] INFO [broker-1-to-controller-heartbeat-channel-manager]: Shutting down (org.apache.kafka.server.NodeToControllerRequestThread)
[2026-09-07 11:00:27,742] INFO [broker-1-to-controller-heartbeat-channel-manager]: Stopped (org.apache.kafka.server.NodeToControllerRequestThread)
[2026-09-07 11:00:27,742] INFO [broker-1-to-controller-heartbeat-channel-manager]: Shutdown completed (org.apache.kafka.server.NodeToControllerRequestThread)
[2026-09-07 11:00:27,744] INFO [SocketServer listenerType=BROKER, nodeId=1] Stopping socket server request processors (kafka.network.SocketServer)
[2026-09-07 11:00:27,746] INFO Node to controller channel manager for heartbeat shutdown (org.apache.kafka.server.NodeToControllerChannelManagerImpl)
[2026-09-07 11:00:27,749] INFO [SocketServer listenerType=BROKER, nodeId=1] Stopped socket server request processors (kafka.network.SocketServer)
[2026-09-07 11:00:27,750] INFO [data-plane Kafka Request Handler on Broker 1] shutting down (kafka.server.KafkaRequestHandlerPool)
[2026-09-07 11:00:27,750] INFO [data-plane Kafka Request Handler on Broker 1] shut down completely (kafka.server.KafkaRequestHandlerPool)
[2026-09-07 11:00:27,751] INFO [ExpirationReaper-1-AlterAcls]: Shutting down (org.apache.kafka.server.purgatory.DelayedOperationPurgatory$ExpiredOperationReaper)
[2026-09-07 11:00:27,751] INFO [ExpirationReaper-1-AlterAcls]: Shutdown completed (org.apache.kafka.server.purgatory.DelayedOperationPurgatory$ExpiredOperationReaper)
[2026-09-07 11:00:27,751] INFO [ExpirationReaper-1-AlterAcls]: Stopped (org.apache.kafka.server.purgatory.DelayedOperationPurgatory$ExpiredOperationReaper)
[2026-09-07 11:00:27,751] INFO [KafkaApi-1] Shutdown complete. (kafka.server.KafkaApis)
[2026-09-07 11:00:27,753] INFO [TransactionCoordinator id=1] Shutting down. (kafka.coordinator.transaction.TransactionCoordinator)
[2026-09-07 11:00:27,753] INFO [Transaction State Manager 1]: Shutdown complete (kafka.coordinator.transaction.TransactionStateManager)
[2026-09-07 11:00:27,753] INFO [TxnMarkerSenderThread-1]: Shutting down (kafka.coordinator.transaction.TransactionMarkerChannelManager)
[2026-09-07 11:00:27,753] INFO [TxnMarkerSenderThread-1]: Shutdown completed (kafka.coordinator.transaction.TransactionMarkerChannelManager)
[2026-09-07 11:00:27,753] INFO [TxnMarkerSenderThread-1]: Stopped (kafka.coordinator.transaction.TransactionMarkerChannelManager)
[2026-09-07 11:00:27,754] INFO [TransactionCoordinator id=1] Shutdown complete. (kafka.coordinator.transaction.TransactionCoordinator)
[2026-09-07 11:00:27,754] INFO [GroupCoordinator id=1] Shutting down. (org.apache.kafka.coordinator.group.GroupCoordinatorService)
[2026-09-07 11:00:27,754] INFO [GroupCoordinator id=1] Closing coordinator runtime. (org.apache.kafka.coordinator.common.runtime.CoordinatorRuntime)
[2026-09-07 11:00:27,754] INFO [group-coordinator-reaper]: Shutting down (org.apache.kafka.server.util.timer.SystemTimerReaper$Reaper)
[2026-09-07 11:00:27,754] INFO [group-coordinator-reaper]: Stopped (org.apache.kafka.server.util.timer.SystemTimerReaper$Reaper)
[2026-09-07 11:00:27,754] INFO [group-coordinator-reaper]: Shutdown completed (org.apache.kafka.server.util.timer.SystemTimerReaper$Reaper)
[2026-09-07 11:00:27,754] INFO [GroupCoordinator id=1] Shutting down event processor. (org.apache.kafka.coordinator.common.runtime.MultiThreadedEventProcessor)
[2026-09-07 11:00:27,754] INFO [group-coordinator-event-processor-1]: Shutting down. Draining the remaining events. (org.apache.kafka.coordinator.common.runtime.MultiThreadedEventProcessor$EventProcessorThread)
[2026-09-07 11:00:27,754] INFO [group-coordinator-event-processor-2]: Shutting down. Draining the remaining events. (org.apache.kafka.coordinator.common.runtime.MultiThreadedEventProcessor$EventProcessorThread)
[2026-09-07 11:00:27,754] INFO [group-coordinator-event-processor-1]: Shutdown completed (org.apache.kafka.coordinator.common.runtime.MultiThreadedEventProcessor$EventProcessorThread)
[2026-09-07 11:00:27,754] INFO [group-coordinator-event-processor-3]: Shutting down. Draining the remaining events. (org.apache.kafka.coordinator.common.runtime.MultiThreadedEventProcessor$EventProcessorThread)
[2026-09-07 11:00:27,754] INFO [group-coordinator-event-processor-0]: Shutting down. Draining the remaining events. (org.apache.kafka.coordinator.common.runtime.MultiThreadedEventProcessor$EventProcessorThread)
[2026-09-07 11:00:27,754] INFO [group-coordinator-event-processor-2]: Shutdown completed (org.apache.kafka.coordinator.common.runtime.MultiThreadedEventProcessor$EventProcessorThread)
[2026-09-07 11:00:27,755] INFO [group-coordinator-event-processor-0]: Shutdown completed (org.apache.kafka.coordinator.common.runtime.MultiThreadedEventProcessor$EventProcessorThread)
[2026-09-07 11:00:27,755] INFO [group-coordinator-event-processor-3]: Shutdown completed (org.apache.kafka.coordinator.common.runtime.MultiThreadedEventProcessor$EventProcessorThread)
[2026-09-07 11:00:27,755] INFO [GroupCoordinator id=1] Event processor closed. (org.apache.kafka.coordinator.common.runtime.MultiThreadedEventProcessor)
[2026-09-07 11:00:27,755] INFO [GroupCoordinator id=1] Coordinator runtime closed. (org.apache.kafka.coordinator.common.runtime.CoordinatorRuntime)
[2026-09-07 11:00:27,755] INFO [GroupCoordinator id=1] Shutdown complete. (org.apache.kafka.coordinator.group.GroupCoordinatorService)
[2026-09-07 11:00:27,755] INFO [network-partition-metadata-client-reaper]: Shutting down (org.apache.kafka.server.util.timer.SystemTimerReaper$Reaper)
[2026-09-07 11:00:27,756] INFO [network-partition-metadata-client-reaper]: Stopped (org.apache.kafka.server.util.timer.SystemTimerReaper$Reaper)
[2026-09-07 11:00:27,756] INFO [network-partition-metadata-client-reaper]: Shutdown completed (org.apache.kafka.server.util.timer.SystemTimerReaper$Reaper)
[2026-09-07 11:00:27,756] INFO [ShareCoordinator id=1] Shutting down. (org.apache.kafka.coordinator.share.ShareCoordinatorService)
[2026-09-07 11:00:27,756] INFO [ShareCoordinator id=1] Closing coordinator runtime. (org.apache.kafka.coordinator.common.runtime.CoordinatorRuntime)
[2026-09-07 11:00:27,756] INFO [share-coordinator-reaper]: Shutting down (org.apache.kafka.server.util.timer.SystemTimerReaper$Reaper)
[2026-09-07 11:00:27,756] INFO [share-coordinator-reaper]: Stopped (org.apache.kafka.server.util.timer.SystemTimerReaper$Reaper)
[2026-09-07 11:00:27,756] INFO [share-coordinator-reaper]: Shutdown completed (org.apache.kafka.server.util.timer.SystemTimerReaper$Reaper)
[2026-09-07 11:00:27,756] INFO [ShareCoordinator id=1] Shutting down event processor. (org.apache.kafka.coordinator.common.runtime.MultiThreadedEventProcessor)
[2026-09-07 11:00:27,756] INFO [share-coordinator-event-processor-0]: Shutting down. Draining the remaining events. (org.apache.kafka.coordinator.common.runtime.MultiThreadedEventProcessor$EventProcessorThread)
[2026-09-07 11:00:27,756] INFO [share-coordinator-event-processor-0]: Shutdown completed (org.apache.kafka.coordinator.common.runtime.MultiThreadedEventProcessor$EventProcessorThread)
[2026-09-07 11:00:27,756] INFO [ShareCoordinator id=1] Event processor closed. (org.apache.kafka.coordinator.common.runtime.MultiThreadedEventProcessor)
[2026-09-07 11:00:27,756] INFO [ShareCoordinator id=1] Coordinator runtime closed. (org.apache.kafka.coordinator.common.runtime.CoordinatorRuntime)
[2026-09-07 11:00:27,757] INFO [ShareCoordinator id=1] Shutdown complete. (org.apache.kafka.coordinator.share.ShareCoordinatorService)
[2026-09-07 11:00:27,757] INFO [AssignmentsManager id=1]KafkaEventQueue#close: shutting down event queue. (org.apache.kafka.queue.KafkaEventQueue)
[2026-09-07 11:00:27,757] INFO [AssignmentsManager id=1] shutting down. (org.apache.kafka.server.AssignmentsManager)
[2026-09-07 11:00:27,757] INFO [broker-1-to-controller-directory-assignments-channel-manager]: Shutting down (org.apache.kafka.server.NodeToControllerRequestThread)
[2026-09-07 11:00:27,757] INFO [broker-1-to-controller-directory-assignments-channel-manager]: Shutdown completed (org.apache.kafka.server.NodeToControllerRequestThread)
[2026-09-07 11:00:27,757] INFO [broker-1-to-controller-directory-assignments-channel-manager]: Stopped (org.apache.kafka.server.NodeToControllerRequestThread)
[2026-09-07 11:00:27,757] INFO Node to controller channel manager for directory-assignments shutdown (org.apache.kafka.server.NodeToControllerChannelManagerImpl)
[2026-09-07 11:00:27,757] INFO [AssignmentsManager id=1]closed event queue. (org.apache.kafka.queue.KafkaEventQueue)
[2026-09-07 11:00:27,757] INFO [ReplicaManager broker=1] Shutting down (kafka.server.ReplicaManager)
[2026-09-07 11:00:27,757] INFO [LogDirFailureHandler]: Shutting down (kafka.server.ReplicaManager$LogDirFailureHandler)
[2026-09-07 11:00:27,757] INFO [LogDirFailureHandler]: Stopped (kafka.server.ReplicaManager$LogDirFailureHandler)
[2026-09-07 11:00:27,758] INFO [LogDirFailureHandler]: Shutdown completed (kafka.server.ReplicaManager$LogDirFailureHandler)
[2026-09-07 11:00:27,758] INFO [ReplicaFetcherManager on broker 1] shutting down (kafka.server.ReplicaFetcherManager)
[2026-09-07 11:00:27,758] INFO [ReplicaFetcherManager on broker 1] shutdown completed (kafka.server.ReplicaFetcherManager)
[2026-09-07 11:00:27,758] INFO [ReplicaAlterLogDirsManager on broker 1] shutting down (kafka.server.ReplicaAlterLogDirsManager)
[2026-09-07 11:00:27,758] INFO [ReplicaAlterLogDirsManager on broker 1] shutdown completed (kafka.server.ReplicaAlterLogDirsManager)
[2026-09-07 11:00:27,758] INFO [ExpirationReaper-1-Fetch]: Shutting down (org.apache.kafka.server.purgatory.DelayedOperationPurgatory$ExpiredOperationReaper)
[2026-09-07 11:00:27,758] INFO [ExpirationReaper-1-Fetch]: Stopped (org.apache.kafka.server.purgatory.DelayedOperationPurgatory$ExpiredOperationReaper)
[2026-09-07 11:00:27,758] INFO [ExpirationReaper-1-Fetch]: Shutdown completed (org.apache.kafka.server.purgatory.DelayedOperationPurgatory$ExpiredOperationReaper)
[2026-09-07 11:00:27,758] INFO [ExpirationReaper-1-RemoteFetch]: Shutting down (org.apache.kafka.server.purgatory.DelayedOperationPurgatory$ExpiredOperationReaper)
[2026-09-07 11:00:27,759] INFO [ExpirationReaper-1-RemoteFetch]: Stopped (org.apache.kafka.server.purgatory.DelayedOperationPurgatory$ExpiredOperationReaper)
[2026-09-07 11:00:27,759] INFO [ExpirationReaper-1-RemoteFetch]: Shutdown completed (org.apache.kafka.server.purgatory.DelayedOperationPurgatory$ExpiredOperationReaper)
[2026-09-07 11:00:27,759] INFO [ExpirationReaper-1-RemoteListOffsets]: Shutting down (org.apache.kafka.server.purgatory.DelayedOperationPurgatory$ExpiredOperationReaper)
[2026-09-07 11:00:27,759] INFO [ExpirationReaper-1-RemoteListOffsets]: Stopped (org.apache.kafka.server.purgatory.DelayedOperationPurgatory$ExpiredOperationReaper)
[2026-09-07 11:00:27,759] INFO [ExpirationReaper-1-RemoteListOffsets]: Shutdown completed (org.apache.kafka.server.purgatory.DelayedOperationPurgatory$ExpiredOperationReaper)
[2026-09-07 11:00:27,759] INFO [ExpirationReaper-1-Produce]: Shutting down (org.apache.kafka.server.purgatory.DelayedOperationPurgatory$ExpiredOperationReaper)
[2026-09-07 11:00:27,759] INFO [ExpirationReaper-1-Produce]: Stopped (org.apache.kafka.server.purgatory.DelayedOperationPurgatory$ExpiredOperationReaper)
[2026-09-07 11:00:27,759] INFO [ExpirationReaper-1-Produce]: Shutdown completed (org.apache.kafka.server.purgatory.DelayedOperationPurgatory$ExpiredOperationReaper)
[2026-09-07 11:00:27,759] INFO [ExpirationReaper-1-DeleteRecords]: Shutting down (org.apache.kafka.server.purgatory.DelayedOperationPurgatory$ExpiredOperationReaper)
[2026-09-07 11:00:27,759] INFO [ExpirationReaper-1-DeleteRecords]: Stopped (org.apache.kafka.server.purgatory.DelayedOperationPurgatory$ExpiredOperationReaper)
[2026-09-07 11:00:27,759] INFO [ExpirationReaper-1-DeleteRecords]: Shutdown completed (org.apache.kafka.server.purgatory.DelayedOperationPurgatory$ExpiredOperationReaper)
[2026-09-07 11:00:27,760] INFO [ExpirationReaper-1-ShareFetch]: Shutting down (org.apache.kafka.server.purgatory.DelayedOperationPurgatory$ExpiredOperationReaper)
[2026-09-07 11:00:27,760] INFO [ExpirationReaper-1-ShareFetch]: Stopped (org.apache.kafka.server.purgatory.DelayedOperationPurgatory$ExpiredOperationReaper)
[2026-09-07 11:00:27,760] INFO [ExpirationReaper-1-ShareFetch]: Shutdown completed (org.apache.kafka.server.purgatory.DelayedOperationPurgatory$ExpiredOperationReaper)
[2026-09-07 11:00:27,766] INFO [AddPartitionsToTxnSenderThread-1]: Shutting down (org.apache.kafka.server.transaction.AddPartitionsToTxnManager)
[2026-09-07 11:00:27,766] INFO [AddPartitionsToTxnSenderThread-1]: Shutdown completed (org.apache.kafka.server.transaction.AddPartitionsToTxnManager)
[2026-09-07 11:00:27,766] INFO [AddPartitionsToTxnSenderThread-1]: Stopped (org.apache.kafka.server.transaction.AddPartitionsToTxnManager)
[2026-09-07 11:00:27,766] INFO [ReplicaManager broker=1] Shut down completely (kafka.server.ReplicaManager)
[2026-09-07 11:00:27,767] INFO [broker-1-to-controller-alter-partition-channel-manager]: Shutting down (org.apache.kafka.server.NodeToControllerRequestThread)
[2026-09-07 11:00:27,767] INFO [broker-1-to-controller-alter-partition-channel-manager]: Stopped (org.apache.kafka.server.NodeToControllerRequestThread)
[2026-09-07 11:00:27,767] INFO [broker-1-to-controller-alter-partition-channel-manager]: Shutdown completed (org.apache.kafka.server.NodeToControllerRequestThread)
[2026-09-07 11:00:27,767] INFO Node to controller channel manager for alter-partition shutdown (org.apache.kafka.server.NodeToControllerChannelManagerImpl)
[2026-09-07 11:00:27,767] INFO [broker-1-to-controller-forwarding-channel-manager]: Shutting down (org.apache.kafka.server.NodeToControllerRequestThread)
[2026-09-07 11:00:27,767] INFO [broker-1-to-controller-forwarding-channel-manager]: Shutdown completed (org.apache.kafka.server.NodeToControllerRequestThread)
[2026-09-07 11:00:27,767] INFO [broker-1-to-controller-forwarding-channel-manager]: Stopped (org.apache.kafka.server.NodeToControllerRequestThread)
[2026-09-07 11:00:27,767] INFO Node to controller channel manager for forwarding shutdown (org.apache.kafka.server.NodeToControllerChannelManagerImpl)
[2026-09-07 11:00:27,767] INFO Shutting down. (kafka.log.LogManager)
[2026-09-07 11:00:27,944] INFO [ProducerStateManager partition=__consumer_offsets-47] Wrote producer snapshot at offset 387 with 0 producer ids in 14 ms. (org.apache.kafka.storage.internals.log.ProducerStateManager)
[2026-09-07 11:00:27,975] INFO [ProducerStateManager partition=transfer-completed-0] Wrote producer snapshot at offset 628 with 27 producer ids in 14 ms. (org.apache.kafka.storage.internals.log.ProducerStateManager)
[2026-09-07 11:00:28,157] INFO Shutdown complete. (kafka.log.LogManager)
[2026-09-07 11:00:28,157] INFO [broker-1-ThrottledChannelReaper-Fetch]: Shutting down (org.apache.kafka.server.quota.ClientQuotaManager$ThrottledChannelReaper)
[2026-09-07 11:00:28,158] INFO [broker-1-ThrottledChannelReaper-Fetch]: Stopped (org.apache.kafka.server.quota.ClientQuotaManager$ThrottledChannelReaper)
[2026-09-07 11:00:28,158] INFO [broker-1-ThrottledChannelReaper-Fetch]: Shutdown completed (org.apache.kafka.server.quota.ClientQuotaManager$ThrottledChannelReaper)
[2026-09-07 11:00:28,158] INFO [broker-1-ThrottledChannelReaper-Produce]: Shutting down (org.apache.kafka.server.quota.ClientQuotaManager$ThrottledChannelReaper)
[2026-09-07 11:00:28,158] INFO [broker-1-ThrottledChannelReaper-Produce]: Stopped (org.apache.kafka.server.quota.ClientQuotaManager$ThrottledChannelReaper)
[2026-09-07 11:00:28,158] INFO [broker-1-ThrottledChannelReaper-Produce]: Shutdown completed (org.apache.kafka.server.quota.ClientQuotaManager$ThrottledChannelReaper)
[2026-09-07 11:00:28,158] INFO [broker-1-ThrottledChannelReaper-Request]: Shutting down (org.apache.kafka.server.quota.ClientQuotaManager$ThrottledChannelReaper)
[2026-09-07 11:00:28,158] INFO [broker-1-ThrottledChannelReaper-Request]: Stopped (org.apache.kafka.server.quota.ClientQuotaManager$ThrottledChannelReaper)
[2026-09-07 11:00:28,158] INFO [broker-1-ThrottledChannelReaper-Request]: Shutdown completed (org.apache.kafka.server.quota.ClientQuotaManager$ThrottledChannelReaper)
[2026-09-07 11:00:28,158] INFO [broker-1-ThrottledChannelReaper-ControllerMutation]: Shutting down (org.apache.kafka.server.quota.ClientQuotaManager$ThrottledChannelReaper)
[2026-09-07 11:00:28,158] INFO [broker-1-ThrottledChannelReaper-ControllerMutation]: Stopped (org.apache.kafka.server.quota.ClientQuotaManager$ThrottledChannelReaper)
[2026-09-07 11:00:28,158] INFO [broker-1-ThrottledChannelReaper-ControllerMutation]: Shutdown completed (org.apache.kafka.server.quota.ClientQuotaManager$ThrottledChannelReaper)
[2026-09-07 11:00:28,158] INFO [SocketServer listenerType=BROKER, nodeId=1] Shutting down socket server (kafka.network.SocketServer)
[2026-09-07 11:00:28,164] INFO [SocketServer listenerType=BROKER, nodeId=1] Shutdown completed (kafka.network.SocketServer)
[2026-09-07 11:00:28,164] INFO Broker and topic stats closed (org.apache.kafka.storage.log.metrics.BrokerTopicStats)
[2026-09-07 11:00:28,164] INFO [share-group-lock-timeout-reaper]: Shutting down (org.apache.kafka.server.util.timer.SystemTimerReaper$Reaper)
[2026-09-07 11:00:28,165] INFO [share-group-lock-timeout-reaper]: Stopped (org.apache.kafka.server.util.timer.SystemTimerReaper$Reaper)
[2026-09-07 11:00:28,165] INFO [share-group-lock-timeout-reaper]: Shutdown completed (org.apache.kafka.server.util.timer.SystemTimerReaper$Reaper)
[2026-09-07 11:00:28,165] INFO [PersisterStateManager]: Shutting down (org.apache.kafka.server.share.persister.PersisterStateManager$SendThread)
[2026-09-07 11:00:28,165] INFO [PersisterStateManager]: Stopped (org.apache.kafka.server.share.persister.PersisterStateManager$SendThread)
[2026-09-07 11:00:28,165] INFO [PersisterStateManager]: Shutdown completed (org.apache.kafka.server.share.persister.PersisterStateManager$SendThread)
[2026-09-07 11:00:28,165] INFO [persister-state-manager-reaper]: Shutting down (org.apache.kafka.server.util.timer.SystemTimerReaper$Reaper)
[2026-09-07 11:00:28,165] INFO [persister-state-manager-reaper]: Stopped (org.apache.kafka.server.util.timer.SystemTimerReaper$Reaper)
[2026-09-07 11:00:28,165] INFO [persister-state-manager-reaper]: Shutdown completed (org.apache.kafka.server.util.timer.SystemTimerReaper$Reaper)
[2026-09-07 11:00:28,166] INFO [BrokerLifecycleManager id=1] closed event queue. (org.apache.kafka.queue.KafkaEventQueue)
[2026-09-07 11:00:28,166] INFO [client-metrics-reaper]: Shutting down (org.apache.kafka.server.util.timer.SystemTimerReaper$Reaper)
[2026-09-07 11:00:28,166] INFO [client-metrics-reaper]: Shutdown completed (org.apache.kafka.server.util.timer.SystemTimerReaper$Reaper)
[2026-09-07 11:00:28,166] INFO [client-metrics-reaper]: Stopped (org.apache.kafka.server.util.timer.SystemTimerReaper$Reaper)
[2026-09-07 11:00:28,166] INFO [BrokerServer id=1] shut down completed (kafka.server.BrokerServer)
[2026-09-07 11:00:28,166] INFO [BrokerServer id=1] Transition from SHUTTING_DOWN to SHUTDOWN (kafka.server.BrokerServer)
[2026-09-07 11:00:28,166] INFO [ControllerServer id=1] shutting down (kafka.server.ControllerServer)
[2026-09-07 11:00:28,167] INFO [raft-expiration-reaper]: Shutting down (org.apache.kafka.raft.TimingWheelExpirationService$ExpiredOperationReaper)
[2026-09-07 11:00:28,282] INFO [raft-expiration-reaper]: Shutdown completed (org.apache.kafka.raft.TimingWheelExpirationService$ExpiredOperationReaper)
[2026-09-07 11:00:28,282] INFO [raft-expiration-reaper]: Stopped (org.apache.kafka.raft.TimingWheelExpirationService$ExpiredOperationReaper)
[2026-09-07 11:00:28,283] INFO [kafka-1-raft-io-thread]: Shutting down (org.apache.kafka.raft.KafkaRaftClientDriver)
[2026-09-07 11:00:28,283] INFO [RaftManager id=1] Beginning graceful shutdown (org.apache.kafka.raft.KafkaRaftClient)
[2026-09-07 11:00:28,284] INFO [RaftManager id=1] Graceful shutdown completed (org.apache.kafka.raft.KafkaRaftClient)
[2026-09-07 11:00:28,284] INFO [RaftManager id=1] Completed graceful shutdown of RaftClient (org.apache.kafka.raft.KafkaRaftClientDriver)
[2026-09-07 11:00:28,284] INFO [kafka-1-raft-io-thread]: Stopped (org.apache.kafka.raft.KafkaRaftClientDriver)
[2026-09-07 11:00:28,284] INFO [kafka-1-raft-io-thread]: Shutdown completed (org.apache.kafka.raft.KafkaRaftClientDriver)
[2026-09-07 11:00:28,290] INFO [kafka-1-raft-outbound-request-thread]: Shutting down (org.apache.kafka.raft.KafkaNetworkChannel$SendThread)
[2026-09-07 11:00:28,291] INFO [kafka-1-raft-outbound-request-thread]: Stopped (org.apache.kafka.raft.KafkaNetworkChannel$SendThread)
[2026-09-07 11:00:28,291] INFO [kafka-1-raft-outbound-request-thread]: Shutdown completed (org.apache.kafka.raft.KafkaNetworkChannel$SendThread)
[2026-09-07 11:00:28,297] INFO [ProducerStateManager partition=__cluster_metadata-0] Wrote producer snapshot at offset 149412 with 0 producer ids in 7 ms. (org.apache.kafka.storage.internals.log.ProducerStateManager)
[2026-09-07 11:00:28,306] INFO [ControllerRegistrationManager id=1 incarnation=56TWqKXxSXqw8SUUr7G8XQ] beginShutdown: shutting down event queue. (org.apache.kafka.queue.KafkaEventQueue)
[2026-09-07 11:00:28,307] INFO [ControllerRegistrationManager id=1 incarnation=56TWqKXxSXqw8SUUr7G8XQ] shutting down. (kafka.server.ControllerRegistrationManager)
[2026-09-07 11:00:28,307] INFO [controller-1-to-controller-registration-channel-manager]: Shutting down (org.apache.kafka.server.NodeToControllerRequestThread)
[2026-09-07 11:00:28,307] INFO [controller-1-to-controller-registration-channel-manager]: Shutdown completed (org.apache.kafka.server.NodeToControllerRequestThread)
[2026-09-07 11:00:28,307] INFO [controller-1-to-controller-registration-channel-manager]: Stopped (org.apache.kafka.server.NodeToControllerRequestThread)
[2026-09-07 11:00:28,307] INFO Node to controller channel manager for registration shutdown (org.apache.kafka.server.NodeToControllerChannelManagerImpl)
[2026-09-07 11:00:28,307] INFO [ControllerRegistrationManager id=1 incarnation=56TWqKXxSXqw8SUUr7G8XQ] closed event queue. (org.apache.kafka.queue.KafkaEventQueue)
[2026-09-07 11:00:28,307] INFO [controller-1-to-controller-registration-channel-manager]: Shutdown completed (org.apache.kafka.server.NodeToControllerRequestThread)
[2026-09-07 11:00:28,307] WARN [NodeToControllerChannelManager id=1 name=registration] Attempting to close NetworkClient that has already been closed. (org.apache.kafka.clients.NetworkClient)
[2026-09-07 11:00:28,307] INFO Node to controller channel manager for registration shutdown (org.apache.kafka.server.NodeToControllerChannelManagerImpl)
[2026-09-07 11:00:28,308] INFO [ControllerRegistrationManager id=1 incarnation=56TWqKXxSXqw8SUUr7G8XQ] closed event queue. (org.apache.kafka.queue.KafkaEventQueue)
[2026-09-07 11:00:28,309] INFO [SocketServer listenerType=CONTROLLER, nodeId=1] Stopping socket server request processors (kafka.network.SocketServer)
[2026-09-07 11:00:28,310] INFO [SocketServer listenerType=CONTROLLER, nodeId=1] Stopped socket server request processors (kafka.network.SocketServer)
[2026-09-07 11:00:28,311] INFO [QuorumController id=1] QuorumController#beginShutdown: shutting down event queue. (org.apache.kafka.queue.KafkaEventQueue)
[2026-09-07 11:00:28,311] INFO [SocketServer listenerType=CONTROLLER, nodeId=1] Shutting down socket server (kafka.network.SocketServer)
[2026-09-07 11:00:28,314] INFO [SocketServer listenerType=CONTROLLER, nodeId=1] Shutdown completed (kafka.network.SocketServer)
[2026-09-07 11:00:28,314] INFO [data-plane Kafka Request Handler on Controller 1] shutting down (kafka.server.KafkaRequestHandlerPool)
[2026-09-07 11:00:28,315] INFO [data-plane Kafka Request Handler on Controller 1] shut down completely (kafka.server.KafkaRequestHandlerPool)
[2026-09-07 11:00:28,315] INFO [ExpirationReaper-1-AlterAcls]: Shutting down (org.apache.kafka.server.purgatory.DelayedOperationPurgatory$ExpiredOperationReaper)
[2026-09-07 11:00:28,315] INFO [ExpirationReaper-1-AlterAcls]: Stopped (org.apache.kafka.server.purgatory.DelayedOperationPurgatory$ExpiredOperationReaper)
[2026-09-07 11:00:28,315] INFO [ExpirationReaper-1-AlterAcls]: Shutdown completed (org.apache.kafka.server.purgatory.DelayedOperationPurgatory$ExpiredOperationReaper)
[2026-09-07 11:00:28,315] INFO [controller-1-ThrottledChannelReaper-Fetch]: Shutting down (org.apache.kafka.server.quota.ClientQuotaManager$ThrottledChannelReaper)
[2026-09-07 11:00:28,315] INFO [controller-1-ThrottledChannelReaper-Fetch]: Stopped (org.apache.kafka.server.quota.ClientQuotaManager$ThrottledChannelReaper)
[2026-09-07 11:00:28,315] INFO [controller-1-ThrottledChannelReaper-Fetch]: Shutdown completed (org.apache.kafka.server.quota.ClientQuotaManager$ThrottledChannelReaper)
[2026-09-07 11:00:28,315] INFO [controller-1-ThrottledChannelReaper-Produce]: Shutting down (org.apache.kafka.server.quota.ClientQuotaManager$ThrottledChannelReaper)
[2026-09-07 11:00:28,315] INFO [controller-1-ThrottledChannelReaper-Produce]: Shutdown completed (org.apache.kafka.server.quota.ClientQuotaManager$ThrottledChannelReaper)
[2026-09-07 11:00:28,315] INFO [controller-1-ThrottledChannelReaper-Produce]: Stopped (org.apache.kafka.server.quota.ClientQuotaManager$ThrottledChannelReaper)
[2026-09-07 11:00:28,316] INFO [controller-1-ThrottledChannelReaper-Request]: Shutting down (org.apache.kafka.server.quota.ClientQuotaManager$ThrottledChannelReaper)
[2026-09-07 11:00:28,316] INFO [controller-1-ThrottledChannelReaper-Request]: Shutdown completed (org.apache.kafka.server.quota.ClientQuotaManager$ThrottledChannelReaper)
[2026-09-07 11:00:28,316] INFO [controller-1-ThrottledChannelReaper-Request]: Stopped (org.apache.kafka.server.quota.ClientQuotaManager$ThrottledChannelReaper)
[2026-09-07 11:00:28,316] INFO [controller-1-ThrottledChannelReaper-ControllerMutation]: Shutting down (org.apache.kafka.server.quota.ClientQuotaManager$ThrottledChannelReaper)
[2026-09-07 11:00:28,316] INFO [controller-1-ThrottledChannelReaper-ControllerMutation]: Stopped (org.apache.kafka.server.quota.ClientQuotaManager$ThrottledChannelReaper)
[2026-09-07 11:00:28,316] INFO [controller-1-ThrottledChannelReaper-ControllerMutation]: Shutdown completed (org.apache.kafka.server.quota.ClientQuotaManager$ThrottledChannelReaper)
[2026-09-07 11:00:28,316] INFO [QuorumController id=1] closed event queue. (org.apache.kafka.queue.KafkaEventQueue)
[2026-09-07 11:00:28,317] INFO [SharedServer id=1] Stopping SharedServer (kafka.server.SharedServer)
[2026-09-07 11:00:28,317] INFO [MetadataLoader id=1] beginShutdown: shutting down event queue. (org.apache.kafka.queue.KafkaEventQueue)
[2026-09-07 11:00:28,317] INFO [SnapshotGenerator id=1] close: shutting down event queue. (org.apache.kafka.queue.KafkaEventQueue)
[2026-09-07 11:00:28,317] INFO [SnapshotGenerator id=1] closed event queue. (org.apache.kafka.queue.KafkaEventQueue)
[2026-09-07 11:00:28,317] INFO [MetadataLoader id=1] closed event queue. (org.apache.kafka.queue.KafkaEventQueue)
[2026-09-07 11:00:28,317] INFO [SnapshotGenerator id=1] closed event queue. (org.apache.kafka.queue.KafkaEventQueue)
[2026-09-07 11:00:28,318] INFO Metrics scheduler closed (org.apache.kafka.common.metrics.Metrics)
[2026-09-07 11:00:28,318] INFO Closing reporter org.apache.kafka.common.metrics.JmxReporter (org.apache.kafka.common.metrics.Metrics)
[2026-09-07 11:00:28,318] INFO Metrics reporters closed (org.apache.kafka.common.metrics.Metrics)
[2026-09-07 11:00:28,318] INFO App info kafka.server for 1 unregistered (org.apache.kafka.common.utils.AppInfoParser)
[2026-09-07 11:00:28,319] INFO App info kafka.server for 1 unregistered (org.apache.kafka.common.utils.AppInfoParser)
[2026-09-07 11:15:57,343] INFO Registered `kafka:type=kafka.Log4jController` MBean (kafka.utils.Log4jControllerRegistration$)
[2026-09-07 11:15:57,531] INFO Registered signal handlers for TERM, INT, HUP (org.apache.kafka.common.utils.LoggingSignalHandler)
[2026-09-07 11:15:57,533] INFO [ControllerServer id=1] Starting controller (kafka.server.ControllerServer)
[2026-09-07 11:15:57,694] INFO Updated connection-accept-rate max connection creation rate to 2147483647 (kafka.network.ConnectionQuotas)
[2026-09-07 11:15:57,715] INFO [SocketServer listenerType=CONTROLLER, nodeId=1] Created data-plane acceptor and processors for endpoint : ListenerName(CONTROLLER) (kafka.network.SocketServer)
[2026-09-07 11:15:57,719] INFO authorizerStart completed for endpoint CONTROLLER. Endpoint is now READY. (org.apache.kafka.server.network.EndpointReadyFutures)
[2026-09-07 11:15:57,720] INFO [SharedServer id=1] Starting SharedServer (kafka.server.SharedServer)
[2026-09-07 11:15:57,749] INFO [LogLoader partition=__cluster_metadata-0, dir=/tmp/kraft-combined-logs] Recovering unflushed segment 0. 0 recovered for __cluster_metadata-0. (org.apache.kafka.storage.internals.log.LogLoader)
[2026-09-07 11:15:57,751] INFO [LogLoader partition=__cluster_metadata-0, dir=/tmp/kraft-combined-logs] Loading producer state till offset 0 (org.apache.kafka.storage.internals.log.UnifiedLog)
[2026-09-07 11:15:57,751] INFO [LogLoader partition=__cluster_metadata-0, dir=/tmp/kraft-combined-logs] Reloading from producer snapshot and rebuilding producer state from offset 0 (org.apache.kafka.storage.internals.log.UnifiedLog)
[2026-09-07 11:15:57,751] INFO Deleted producer state snapshot /tmp/kraft-combined-logs/__cluster_metadata-0/00000000000000149412.snapshot (org.apache.kafka.storage.internals.log.SnapshotFile)
[2026-09-07 11:15:57,752] INFO [LogLoader partition=__cluster_metadata-0, dir=/tmp/kraft-combined-logs] Producer state recovery took 1ms for snapshot load and 0ms for segment recovery from offset 0 (org.apache.kafka.storage.internals.log.UnifiedLog)
[2026-09-07 11:15:57,990] INFO [ProducerStateManager partition=__cluster_metadata-0] Wrote producer snapshot at offset 149412 with 0 producer ids in 23 ms. (org.apache.kafka.storage.internals.log.ProducerStateManager)
[2026-09-07 11:15:57,995] INFO [LogLoader partition=__cluster_metadata-0, dir=/tmp/kraft-combined-logs] Loading producer state till offset 149412 (org.apache.kafka.storage.internals.log.UnifiedLog)
[2026-09-07 11:15:57,995] INFO [LogLoader partition=__cluster_metadata-0, dir=/tmp/kraft-combined-logs] Reloading from producer snapshot and rebuilding producer state from offset 149412 (org.apache.kafka.storage.internals.log.UnifiedLog)
[2026-09-07 11:15:57,996] INFO [ProducerStateManager partition=__cluster_metadata-0] Loading producer state from snapshot file 'SnapshotFile(offset=149412, file=/tmp/kraft-combined-logs/__cluster_metadata-0/00000000000000149412.snapshot)' (org.apache.kafka.storage.internals.log.ProducerStateManager)
[2026-09-07 11:15:58,000] INFO [LogLoader partition=__cluster_metadata-0, dir=/tmp/kraft-combined-logs] Producer state recovery took 4ms for snapshot load and 0ms for segment recovery from offset 149412 (org.apache.kafka.storage.internals.log.UnifiedLog)
[2026-09-07 11:15:58,004] INFO [RaftLog partition=__cluster_metadata-0] Initialized snapshots with IDs [OffsetAndEpoch[offset=7144, epoch=1], OffsetAndEpoch[offset=14330, epoch=1], OffsetAndEpoch[offset=21456, epoch=1], OffsetAndEpoch[offset=28594, epoch=1], OffsetAndEpoch[offset=35720, epoch=1], OffsetAndEpoch[offset=42867, epoch=1], OffsetAndEpoch[offset=50000, epoch=1], OffsetAndEpoch[offset=57138, epoch=1], OffsetAndEpoch[offset=64276, epoch=1], OffsetAndEpoch[offset=71422, epoch=1], OffsetAndEpoch[offset=78551, epoch=1], OffsetAndEpoch[offset=85687, epoch=1], OffsetAndEpoch[offset=92800, epoch=1], OffsetAndEpoch[offset=99938, epoch=1], OffsetAndEpoch[offset=107062, epoch=1], OffsetAndEpoch[offset=114214, epoch=1], OffsetAndEpoch[offset=121341, epoch=1], OffsetAndEpoch[offset=128461, epoch=1], OffsetAndEpoch[offset=135578, epoch=1], OffsetAndEpoch[offset=142723, epoch=1]] from /tmp/kraft-combined-logs/__cluster_metadata-0 (org.apache.kafka.raft.internals.KafkaRaftLog)
[2026-09-07 11:15:58,015] INFO [raft-expiration-reaper]: Starting (org.apache.kafka.raft.TimingWheelExpirationService$ExpiredOperationReaper)
[2026-09-07 11:15:58,021] INFO [RaftManager id=1] Starting request manager with bootstrap servers: [localhost:9093 (id: -2 rack: null isFenced: false)] (org.apache.kafka.raft.KafkaRaftClient)
[2026-09-07 11:15:58,027] INFO [RaftManager id=1] Reading KRaft snapshot and log as part of the initialization (org.apache.kafka.raft.KafkaRaftClient)
[2026-09-07 11:15:58,028] INFO [RaftManager id=1] Loading snapshot (OffsetAndEpoch[offset=142723, epoch=1]) since log start offset (0) is greater than the internal listener's next offset (-1) (org.apache.kafka.raft.internals.KRaftControlRecordStateMachine)
[2026-09-07 11:15:58,051] INFO [RaftManager id=1] Starting voters are VoterSet(voters={1=VoterNode(voterKey=ReplicaKey(id=1, directoryId=<undefined>), listeners=Endpoints(endpoints={ListenerName(CONTROLLER)=localhost/<unresolved>:9093}), supportedKRaftVersion=SupportedVersionRange[min_version:0, max_version:0])}) (org.apache.kafka.raft.KafkaRaftClient)
[2026-09-07 11:15:58,059] INFO [RaftManager id=1] Attempting durable transition to ResignedState(localId=1, epoch=1, voters=[1], electionTimeoutMs=1148, unackedVoters=[], preferredSuccessors=[]) from null (org.apache.kafka.raft.QuorumState)
[2026-09-07 11:15:58,074] INFO [RaftManager id=1] Completed transition to ResignedState(localId=1, epoch=1, voters=[1], electionTimeoutMs=1148, unackedVoters=[], preferredSuccessors=[]) from null (org.apache.kafka.raft.QuorumState)
[2026-09-07 11:15:58,077] INFO [RaftManager id=1] Completed transition to ProspectiveState(epoch=1, leaderId=OptionalInt[1], votedKey=Optional.empty, epochElection=EpochElection[voterStates={1=VoterState(replicaKey=ReplicaKey(id=1, directoryId=<undefined>), state=GRANTED)}], electionTimeoutMs=1589, highWatermark=Optional.empty) from ResignedState(localId=1, epoch=1, voters=[1], electionTimeoutMs=1148, unackedVoters=[], preferredSuccessors=[]) (org.apache.kafka.raft.QuorumState)
[2026-09-07 11:15:58,078] INFO [RaftManager id=1] Attempting durable transition to CandidateState(localId=1, localDirectoryId=QXjNMvuVT8tk7xjqFAxlUw, epoch=2, epochElection=EpochElection[voterStates={1=VoterState(replicaKey=ReplicaKey(id=1, directoryId=<undefined>), state=GRANTED)}], highWatermark=Optional.empty, electionTimeoutMs=1928) from ProspectiveState(epoch=1, leaderId=OptionalInt[1], votedKey=Optional.empty, epochElection=EpochElection[voterStates={1=VoterState(replicaKey=ReplicaKey(id=1, directoryId=<undefined>), state=GRANTED)}], electionTimeoutMs=1589, highWatermark=Optional.empty) (org.apache.kafka.raft.QuorumState)
[2026-09-07 11:15:58,087] INFO [RaftManager id=1] Completed transition to CandidateState(localId=1, localDirectoryId=QXjNMvuVT8tk7xjqFAxlUw, epoch=2, epochElection=EpochElection[voterStates={1=VoterState(replicaKey=ReplicaKey(id=1, directoryId=<undefined>), state=GRANTED)}], highWatermark=Optional.empty, electionTimeoutMs=1928) from ProspectiveState(epoch=1, leaderId=OptionalInt[1], votedKey=Optional.empty, epochElection=EpochElection[voterStates={1=VoterState(replicaKey=ReplicaKey(id=1, directoryId=<undefined>), state=GRANTED)}], electionTimeoutMs=1589, highWatermark=Optional.empty) (org.apache.kafka.raft.QuorumState)
[2026-09-07 11:15:58,090] INFO [RaftManager id=1] Attempting durable transition to Leader(localVoterNode=VoterNode(voterKey=ReplicaKey(id=1, directoryId=QXjNMvuVT8tk7xjqFAxlUw), listeners=Endpoints(endpoints={ListenerName(CONTROLLER)=localhost/<unresolved>:9093}), supportedKRaftVersion=SupportedVersionRange[min_version:0, max_version:1]), epoch=2, epochStartOffset=149412, highWatermark=Optional.empty, voterStates={1=ReplicaState(replicaKey=ReplicaKey(id=1, directoryId=<undefined>), endOffset=Optional.empty, lastFetchTimestamp=-1, lastCaughtUpTimestamp=-1, hasAcknowledgedLeader=true)}) from CandidateState(localId=1, localDirectoryId=QXjNMvuVT8tk7xjqFAxlUw, epoch=2, epochElection=EpochElection[voterStates={1=VoterState(replicaKey=ReplicaKey(id=1, directoryId=<undefined>), state=GRANTED)}], highWatermark=Optional.empty, electionTimeoutMs=1928) (org.apache.kafka.raft.QuorumState)
[2026-09-07 11:15:58,098] INFO [RaftManager id=1] Completed transition to Leader(localVoterNode=VoterNode(voterKey=ReplicaKey(id=1, directoryId=QXjNMvuVT8tk7xjqFAxlUw), listeners=Endpoints(endpoints={ListenerName(CONTROLLER)=localhost/<unresolved>:9093}), supportedKRaftVersion=SupportedVersionRange[min_version:0, max_version:1]), epoch=2, epochStartOffset=149412, highWatermark=Optional.empty, voterStates={1=ReplicaState(replicaKey=ReplicaKey(id=1, directoryId=<undefined>), endOffset=Optional.empty, lastFetchTimestamp=-1, lastCaughtUpTimestamp=-1, hasAcknowledgedLeader=true)}) from CandidateState(localId=1, localDirectoryId=QXjNMvuVT8tk7xjqFAxlUw, epoch=2, epochElection=EpochElection[voterStates={1=VoterState(replicaKey=ReplicaKey(id=1, directoryId=<undefined>), state=GRANTED)}], highWatermark=Optional.empty, electionTimeoutMs=1928) (org.apache.kafka.raft.QuorumState)
[2026-09-07 11:15:58,109] INFO [kafka-1-raft-io-thread]: Starting (org.apache.kafka.raft.KafkaRaftClientDriver)
[2026-09-07 11:15:58,109] INFO [kafka-1-raft-outbound-request-thread]: Starting (org.apache.kafka.raft.KafkaNetworkChannel$SendThread)
[2026-09-07 11:15:58,115] INFO [RaftManager id=1] High watermark set to LogOffsetMetadata(offset=149413, metadata=Optional[(segmentBaseOffset=0,relativePositionInSegment=10757136)]) for the first time for epoch 2 based on indexOfHw 0 and voters [ReplicaState(replicaKey=ReplicaKey(id=1, directoryId=<undefined>), endOffset=Optional[LogOffsetMetadata(offset=149413, metadata=Optional[(segmentBaseOffset=0,relativePositionInSegment=10757136)])], lastFetchTimestamp=-1, lastCaughtUpTimestamp=-1, hasAcknowledgedLeader=true)] (org.apache.kafka.raft.LeaderState)
[2026-09-07 11:15:58,117] INFO [MetadataLoader id=1] initializeNewPublishers: The loader is still catching up because we have loaded up to offset -1, but the high water mark is 149413 (org.apache.kafka.image.loader.MetadataLoader)
[2026-09-07 11:15:58,118] INFO [ControllerServer id=1] Waiting for controller quorum voters future (kafka.server.ControllerServer)
[2026-09-07 11:15:58,118] INFO [ControllerServer id=1] Finished waiting for controller quorum voters future (kafka.server.ControllerServer)
[2026-09-07 11:15:58,128] INFO [RaftManager id=1] Registered the listener org.apache.kafka.image.loader.MetadataLoader@637207535 (org.apache.kafka.raft.KafkaRaftClient)
[2026-09-07 11:15:58,131] INFO [MetadataLoader id=1] handleLoadSnapshot(00000000000000142723-0000000001): incrementing HandleLoadSnapshotCount to 1. (org.apache.kafka.image.loader.MetadataLoader)
[2026-09-07 11:15:58,138] INFO [MetadataLoader id=1] handleLoadSnapshot(00000000000000142723-0000000001): generated a metadata delta between offset -1 and this snapshot in 7046 us. (org.apache.kafka.image.loader.MetadataLoader)
[2026-09-07 11:15:58,139] INFO [MetadataLoader id=1] maybePublishMetadata(SNAPSHOT): The loader is still catching up because we have loaded up to offset 142722, but the high water mark is 149413 (org.apache.kafka.image.loader.MetadataLoader)
[2026-09-07 11:15:58,144] INFO [RaftManager id=1] Registered the listener org.apache.kafka.controller.QuorumController$QuorumMetaLogListener@458987323 (org.apache.kafka.raft.KafkaRaftClient)
[2026-09-07 11:15:58,148] INFO [controller-1-ThrottledChannelReaper-Fetch]: Starting (org.apache.kafka.server.quota.ClientQuotaManager$ThrottledChannelReaper)
[2026-09-07 11:15:58,148] INFO [controller-1-ThrottledChannelReaper-Produce]: Starting (org.apache.kafka.server.quota.ClientQuotaManager$ThrottledChannelReaper)
[2026-09-07 11:15:58,149] INFO [controller-1-ThrottledChannelReaper-Request]: Starting (org.apache.kafka.server.quota.ClientQuotaManager$ThrottledChannelReaper)
[2026-09-07 11:15:58,149] INFO [controller-1-ThrottledChannelReaper-ControllerMutation]: Starting (org.apache.kafka.server.quota.ClientQuotaManager$ThrottledChannelReaper)
[2026-09-07 11:15:58,160] INFO [ExpirationReaper-1-AlterAcls]: Starting (org.apache.kafka.server.purgatory.DelayedOperationPurgatory$ExpiredOperationReaper)
[2026-09-07 11:15:58,166] INFO [MetadataLoader id=1] maybePublishMetadata(LOG_DELTA): The loader finished catching up to the current high water mark of 149413 (org.apache.kafka.image.loader.MetadataLoader)
[2026-09-07 11:15:58,168] INFO [MetadataLoader id=1] InitializeNewPublishers: initializing SnapshotGenerator with a snapshot at offset 149412 (org.apache.kafka.image.loader.MetadataLoader)
[2026-09-07 11:15:58,169] INFO [ControllerServer id=1] Waiting for the controller metadata publishers to be installed (kafka.server.ControllerServer)
[2026-09-07 11:15:58,169] INFO [ControllerServer id=1] Finished waiting for the controller metadata publishers to be installed (kafka.server.ControllerServer)
[2026-09-07 11:15:58,169] INFO [SocketServer listenerType=CONTROLLER, nodeId=1] Enabling request processing. (kafka.network.SocketServer)
[2026-09-07 11:15:58,170] INFO [MetadataLoader id=1] InitializeNewPublishers: initializing KRaftMetadataCachePublisher with a snapshot at offset 149412 (org.apache.kafka.image.loader.MetadataLoader)
[2026-09-07 11:15:58,170] INFO [MetadataLoader id=1] InitializeNewPublishers: initializing FeaturesPublisher with a snapshot at offset 149412 (org.apache.kafka.image.loader.MetadataLoader)
[2026-09-07 11:15:58,171] INFO Awaiting socket connections on 0.0.0.0:9093. (kafka.network.DataPlaneAcceptor)
[2026-09-07 11:15:58,172] INFO [ControllerServer id=1] Loaded new metadata FinalizedFeatures[metadataVersion=4.3-IV0, finalizedFeatures={group.version=1, streams.version=1, transaction.version=2, eligible.leader.replicas.version=1, share.version=1, metadata.version=30}, finalizedFeaturesEpoch=149412]. (org.apache.kafka.metadata.publisher.FeaturesPublisher)
[2026-09-07 11:15:58,172] INFO [MetadataLoader id=1] InitializeNewPublishers: initializing ControllerRegistrationsPublisher with a snapshot at offset 149412 (org.apache.kafka.image.loader.MetadataLoader)
[2026-09-07 11:15:58,172] INFO [MetadataLoader id=1] InitializeNewPublishers: initializing ControllerRegistrationManager with a snapshot at offset 149412 (org.apache.kafka.image.loader.MetadataLoader)
[2026-09-07 11:15:58,172] INFO [MetadataLoader id=1] InitializeNewPublishers: initializing DynamicConfigPublisher controller id=1 with a snapshot at offset 149412 (org.apache.kafka.image.loader.MetadataLoader)
[2026-09-07 11:15:58,173] INFO [ControllerRegistrationManager id=1 incarnation=xJeZla75QqSBFhnkQYkz2Q] Found registration for 56TWqKXxSXqw8SUUr7G8XQ instead of our incarnation. (kafka.server.ControllerRegistrationManager)
[2026-09-07 11:15:58,175] INFO [DynamicConfigPublisher controller id=1] Updating cluster configuration : min.insync.replicas -> 1 (kafka.server.metadata.DynamicConfigPublisher)
[2026-09-07 11:15:58,175] INFO [controller-1-to-controller-registration-channel-manager]: Starting (org.apache.kafka.server.NodeToControllerRequestThread)
[2026-09-07 11:15:58,175] INFO Recorded new KRaft controller, from now on will use node localhost:9093 (id: 1 rack: null isFenced: false) (org.apache.kafka.server.NodeToControllerRequestThread)
[2026-09-07 11:15:58,175] INFO [ControllerServer id=1] Waiting for all of the authorizer futures to be completed (kafka.server.ControllerServer)
[2026-09-07 11:15:58,176] INFO [ControllerRegistrationManager id=1 incarnation=xJeZla75QqSBFhnkQYkz2Q] initialized channel manager. (kafka.server.ControllerRegistrationManager)
[2026-09-07 11:15:58,176] INFO [ControllerServer id=1] Finished waiting for all of the authorizer futures to be completed (kafka.server.ControllerServer)
[2026-09-07 11:15:58,176] INFO [ControllerServer id=1] Waiting for all of the SocketServer Acceptors to be started (kafka.server.ControllerServer)
[2026-09-07 11:15:58,176] INFO [ControllerServer id=1] Finished waiting for all of the SocketServer Acceptors to be started (kafka.server.ControllerServer)
[2026-09-07 11:15:58,176] INFO [BrokerServer id=1] Transition from SHUTDOWN to STARTING (kafka.server.BrokerServer)
[2026-09-07 11:15:58,176] INFO [BrokerServer id=1] Starting broker (kafka.server.BrokerServer)
[2026-09-07 11:15:58,177] INFO AbstractConfig values: 
	group.consumer.assignment.interval.ms = 1000
	group.consumer.assignors = [uniform, range]
	group.consumer.heartbeat.interval.ms = 5000
	group.consumer.max.assignment.interval.ms = 15000
	group.consumer.max.heartbeat.interval.ms = 15000
	group.consumer.max.session.timeout.ms = 60000
	group.consumer.max.size = 2147483647
	group.consumer.migration.policy = bidirectional
	group.consumer.min.assignment.interval.ms = 0
	group.consumer.min.heartbeat.interval.ms = 5000
	group.consumer.min.session.timeout.ms = 45000
	group.consumer.regex.refresh.interval.ms = 600000
	group.consumer.session.timeout.ms = 45000
	group.coordinator.append.linger.ms = -1
	group.coordinator.background.threads = 2
	group.coordinator.cached.buffer.max.bytes = 1048588
	group.coordinator.rebalance.protocols = [classic, consumer, streams]
	group.coordinator.threads = 4
	group.initial.rebalance.delay.ms = 3000
	group.max.session.timeout.ms = 1800000
	group.max.size = 2147483647
	group.min.session.timeout.ms = 6000
	group.share.assignment.interval.ms = 1000
	group.share.assignors = [simple]
	group.share.heartbeat.interval.ms = 5000
	group.share.initialize.retry.interval.ms = 30000
	group.share.max.assignment.interval.ms = 15000
	group.share.max.heartbeat.interval.ms = 15000
	group.share.max.session.timeout.ms = 60000
	group.share.max.size = 200
	group.share.min.assignment.interval.ms = 0
	group.share.min.heartbeat.interval.ms = 5000
	group.share.min.session.timeout.ms = 45000
	group.share.session.timeout.ms = 45000
	group.streams.assignment.interval.ms = 1000
	group.streams.heartbeat.interval.ms = 5000
	group.streams.initial.rebalance.delay.ms = 3000
	group.streams.max.assignment.interval.ms = 15000
	group.streams.max.heartbeat.interval.ms = 15000
	group.streams.max.session.timeout.ms = 60000
	group.streams.max.size = 2147483647
	group.streams.max.standby.replicas = 2
	group.streams.min.assignment.interval.ms = 0
	group.streams.min.heartbeat.interval.ms = 5000
	group.streams.min.session.timeout.ms = 45000
	group.streams.num.standby.replicas = 0
	group.streams.session.timeout.ms = 45000
	offset.metadata.max.bytes = 4096
	offsets.commit.timeout.ms = 5000
	offsets.load.buffer.size = 5242880
	offsets.retention.check.interval.ms = 600000
	offsets.retention.minutes = 10080
	offsets.topic.compression.codec = 0
	offsets.topic.num.partitions = 50
	offsets.topic.replication.factor = 1
	offsets.topic.segment.bytes = 104857600
 (org.apache.kafka.common.config.AbstractConfig)
[2026-09-07 11:15:58,178] INFO [ControllerRegistrationManager id=1 incarnation=xJeZla75QqSBFhnkQYkz2Q] sendControllerRegistration: attempting to send ControllerRegistrationRequestData(controllerId=1, incarnationId=xJeZla75QqSBFhnkQYkz2Q, zkMigrationReady=false, listeners=[Listener(name='CONTROLLER', host='localhost', port=9093, securityProtocol=0)], features=[Feature(name='group.version', minSupportedVersion=0, maxSupportedVersion=1), Feature(name='kraft.version', minSupportedVersion=0, maxSupportedVersion=1), Feature(name='metadata.version', minSupportedVersion=7, maxSupportedVersion=30), Feature(name='share.version', minSupportedVersion=0, maxSupportedVersion=1), Feature(name='streams.version', minSupportedVersion=0, maxSupportedVersion=1), Feature(name='transaction.version', minSupportedVersion=0, maxSupportedVersion=2), Feature(name='eligible.leader.replicas.version', minSupportedVersion=0, maxSupportedVersion=1)]) (kafka.server.ControllerRegistrationManager)
[2026-09-07 11:15:58,178] INFO KafkaConfig values: 
	add.partitions.to.txn.retry.backoff.max.ms = 100
	add.partitions.to.txn.retry.backoff.ms = 20
	advertised.listeners = [PLAINTEXT://localhost:9092, CONTROLLER://localhost:9093]
	alter.config.policy.class.name = null
	alter.log.dirs.replication.quota.window.num = 11
	alter.log.dirs.replication.quota.window.size.seconds = 1
	authorizer.class.name = 
	auto.create.topics.enable = true
	auto.leader.rebalance.enable = true
	background.threads = 10
	broker.heartbeat.interval.ms = 2000
	broker.id = 1
	broker.rack = null
	broker.session.timeout.ms = 9000
	client.quota.callback.class = null
	compression.gzip.level = -1
	compression.lz4.level = 9
	compression.type = producer
	compression.zstd.level = 3
	config.providers = []
	connection.failed.authentication.delay.ms = 100
	connections.max.idle.ms = 600000
	connections.max.reauth.ms = 0
	controlled.shutdown.enable = true
	controller.listener.names = [CONTROLLER]
	controller.performance.always.log.threshold.ms = 2000
	controller.performance.sample.period.ms = 60000
	controller.quorum.append.linger.ms = 25
	controller.quorum.auto.join.enable = false
	controller.quorum.bootstrap.servers = [localhost:9093]
	controller.quorum.election.backoff.max.ms = 1000
	controller.quorum.election.timeout.ms = 1000
	controller.quorum.fetch.max.bytes = 1048576
	controller.quorum.fetch.snapshot.max.bytes = 1048576
	controller.quorum.fetch.timeout.ms = 2000
	controller.quorum.request.timeout.ms = 2000
	controller.quorum.retry.backoff.ms = 20
	controller.quorum.voters = [1@localhost:9093]
	controller.quota.window.num = 11
	controller.quota.window.size.seconds = 1
	controller.socket.timeout.ms = 30000
	cordoned.log.dirs = []
	create.topic.policy.class.name = null
	default.replication.factor = 1
	delegation.token.expiry.check.interval.ms = 3600000
	delegation.token.expiry.time.ms = 86400000
	delegation.token.max.lifetime.ms = 604800000
	delegation.token.secret.key = null
	delete.records.purgatory.purge.interval.requests = 1
	delete.topic.enable = true
	early.start.listeners = null
	fetch.max.bytes = 57671680
	fetch.purgatory.purge.interval.requests = 1000
	follower.fetch.last.tiered.offset.enable = false
	group.consumer.assignment.interval.ms = 1000
	group.consumer.assignors = [uniform, range]
	group.consumer.heartbeat.interval.ms = 5000
	group.consumer.max.assignment.interval.ms = 15000
	group.consumer.max.heartbeat.interval.ms = 15000
	group.consumer.max.session.timeout.ms = 60000
	group.consumer.max.size = 2147483647
	group.consumer.migration.policy = bidirectional
	group.consumer.min.assignment.interval.ms = 0
	group.consumer.min.heartbeat.interval.ms = 5000
	group.consumer.min.session.timeout.ms = 45000
	group.consumer.regex.refresh.interval.ms = 600000
	group.consumer.session.timeout.ms = 45000
	group.coordinator.append.linger.ms = -1
	group.coordinator.background.threads = 2
	group.coordinator.cached.buffer.max.bytes = 1048588
	group.coordinator.rebalance.protocols = [classic, consumer, streams]
	group.coordinator.threads = 4
	group.initial.rebalance.delay.ms = 3000
	group.max.session.timeout.ms = 1800000
	group.max.size = 2147483647
	group.min.session.timeout.ms = 6000
	group.share.assignment.interval.ms = 1000
	group.share.assignors = [simple]
	group.share.delivery.count.limit = 5
	group.share.heartbeat.interval.ms = 5000
	group.share.initialize.retry.interval.ms = 30000
	group.share.max.assignment.interval.ms = 15000
	group.share.max.delivery.count.limit = 10
	group.share.max.heartbeat.interval.ms = 15000
	group.share.max.partition.max.record.locks = 4000
	group.share.max.record.lock.duration.ms = 60000
	group.share.max.session.timeout.ms = 60000
	group.share.max.share.sessions = 2000
	group.share.max.size = 200
	group.share.min.assignment.interval.ms = 0
	group.share.min.delivery.count.limit = 2
	group.share.min.heartbeat.interval.ms = 5000
	group.share.min.partition.max.record.locks = 100
	group.share.min.record.lock.duration.ms = 15000
	group.share.min.session.timeout.ms = 45000
	group.share.partition.max.record.locks = 2000
	group.share.persister.class.name = org.apache.kafka.server.share.persister.DefaultStatePersister
	group.share.record.lock.duration.ms = 30000
	group.share.session.timeout.ms = 45000
	group.streams.assignment.interval.ms = 1000
	group.streams.heartbeat.interval.ms = 5000
	group.streams.initial.rebalance.delay.ms = 3000
	group.streams.max.assignment.interval.ms = 15000
	group.streams.max.heartbeat.interval.ms = 15000
	group.streams.max.session.timeout.ms = 60000
	group.streams.max.size = 2147483647
	group.streams.max.standby.replicas = 2
	group.streams.min.assignment.interval.ms = 0
	group.streams.min.heartbeat.interval.ms = 5000
	group.streams.min.session.timeout.ms = 45000
	group.streams.num.standby.replicas = 0
	group.streams.session.timeout.ms = 45000
	initial.broker.registration.timeout.ms = 60000
	inter.broker.listener.name = PLAINTEXT
	internal.metadata.delete.delay.millis = 60000
	internal.metadata.log.segment.bytes = null
	internal.metadata.max.batch.size.in.bytes = 8388608
	kafka.metrics.polling.interval.secs = 10
	kafka.metrics.reporters = []
	leader.imbalance.check.interval.seconds = 300
	listener.security.protocol.map = CONTROLLER:PLAINTEXT,PLAINTEXT:PLAINTEXT,SSL:SSL,SASL_PLAINTEXT:SASL_PLAINTEXT,SASL_SSL:SASL_SSL
	listeners = [PLAINTEXT://:9092, CONTROLLER://:9093]
	log.cleaner.backoff.ms = 15000
	log.cleaner.dedupe.buffer.size = 134217728
	log.cleaner.delete.retention.ms = 86400000
	log.cleaner.enable = true
	log.cleaner.io.buffer.load.factor = 0.9
	log.cleaner.io.buffer.size = 524288
	log.cleaner.io.max.bytes.per.second = 1.7976931348623157E308
	log.cleaner.max.compaction.lag.ms = 9223372036854775807
	log.cleaner.min.cleanable.ratio = 0.5
	log.cleaner.min.compaction.lag.ms = 0
	log.cleaner.threads = 1
	log.cleanup.policy = [delete]
	log.dir = [/tmp/kafka-logs]
	log.dir.failure.timeout.ms = 30000
	log.dirs = [/tmp/kraft-combined-logs]
	log.flush.interval.messages = 9223372036854775807
	log.flush.interval.ms = null
	log.flush.offset.checkpoint.interval.ms = 60000
	log.flush.scheduler.interval.ms = 9223372036854775807
	log.flush.start.offset.checkpoint.interval.ms = 60000
	log.index.interval.bytes = 4096
	log.index.size.max.bytes = 10485760
	log.initial.task.delay.ms = 30000
	log.local.retention.bytes = -2
	log.local.retention.ms = -2
	log.message.timestamp.after.max.ms = 3600000
	log.message.timestamp.before.max.ms = 9223372036854775807
	log.message.timestamp.type = CreateTime
	log.preallocate = false
	log.retention.bytes = -1
	log.retention.check.interval.ms = 300000
	log.retention.hours = 168
	log.retention.minutes = null
	log.retention.ms = null
	log.roll.hours = 168
	log.roll.jitter.hours = 0
	log.roll.jitter.ms = null
	log.roll.ms = null
	log.segment.bytes = 1073741824
	log.segment.delete.delay.ms = 60000
	max.connection.creation.rate = 2147483647
	max.connections = 2147483647
	max.connections.per.ip = 2147483647
	max.connections.per.ip.overrides = 
	max.incremental.fetch.session.cache.slots = 1000
	max.request.partition.size.limit = 2000
	message.max.bytes = 1048588
	metadata.log.dir = null
	metadata.log.max.record.bytes.between.snapshots = 20971520
	metadata.log.max.snapshot.interval.ms = 3600000
	metadata.log.segment.bytes = 1073741824
	metadata.log.segment.ms = 604800000
	metadata.max.idle.interval.ms = 500
	metadata.max.retention.bytes = 104857600
	metadata.max.retention.ms = 604800000
	metric.reporters = [org.apache.kafka.common.metrics.JmxReporter]
	metrics.num.samples = 2
	metrics.recording.level = INFO
	metrics.sample.window.ms = 30000
	min.insync.replicas = 1
	node.id = 1
	num.io.threads = 8
	num.network.threads = 3
	num.partitions = 1
	num.recovery.threads.per.data.dir = 2
	num.replica.alter.log.dirs.threads = null
	num.replica.fetchers = 1
	offset.metadata.max.bytes = 4096
	offsets.commit.timeout.ms = 5000
	offsets.load.buffer.size = 5242880
	offsets.retention.check.interval.ms = 600000
	offsets.retention.minutes = 10080
	offsets.topic.compression.codec = 0
	offsets.topic.num.partitions = 50
	offsets.topic.replication.factor = 1
	offsets.topic.segment.bytes = 104857600
	principal.builder.class = class org.apache.kafka.common.security.authenticator.DefaultKafkaPrincipalBuilder
	process.roles = [broker, controller]
	producer.id.expiration.check.interval.ms = 600000
	producer.id.expiration.ms = 86400000
	producer.purgatory.purge.interval.requests = 1000
	queued.max.request.bytes = -1
	queued.max.requests = 500
	quota.window.num = 11
	quota.window.size.seconds = 1
	remote.fetch.max.wait.ms = 500
	remote.list.offsets.request.timeout.ms = 30000
	remote.log.index.file.cache.total.size.bytes = 1073741824
	remote.log.index.file.cache.ttl.ms = 900000
	remote.log.manager.copier.thread.pool.size = 10
	remote.log.manager.copy.max.bytes.per.second = 9223372036854775807
	remote.log.manager.copy.quota.window.num = 11
	remote.log.manager.copy.quota.window.size.seconds = 1
	remote.log.manager.expiration.thread.pool.size = 10
	remote.log.manager.fetch.max.bytes.per.second = 9223372036854775807
	remote.log.manager.fetch.quota.window.num = 11
	remote.log.manager.fetch.quota.window.size.seconds = 1
	remote.log.manager.follower.thread.pool.size = 2
	remote.log.manager.task.interval.ms = 30000
	remote.log.manager.task.retry.backoff.max.ms = 30000
	remote.log.manager.task.retry.backoff.ms = 500
	remote.log.manager.task.retry.jitter = 0.2
	remote.log.manager.thread.pool.size = 2
	remote.log.metadata.custom.metadata.max.bytes = 128
	remote.log.metadata.manager.class.name = org.apache.kafka.server.log.remote.metadata.storage.TopicBasedRemoteLogMetadataManager
	remote.log.metadata.manager.class.path = null
	remote.log.metadata.manager.impl.prefix = rlmm.config.
	remote.log.metadata.manager.listener.name = null
	remote.log.reader.max.pending.tasks = 100
	remote.log.reader.threads = 10
	remote.log.storage.manager.class.name = null
	remote.log.storage.manager.class.path = null
	remote.log.storage.manager.impl.prefix = rsm.config.
	remote.log.storage.system.enable = false
	replica.fetch.backoff.ms = 1000
	replica.fetch.max.bytes = 1048576
	replica.fetch.min.bytes = 1
	replica.fetch.response.max.bytes = 10485760
	replica.fetch.wait.max.ms = 500
	replica.high.watermark.checkpoint.interval.ms = 5000
	replica.lag.time.max.ms = 30000
	replica.selector.class = null
	replica.socket.receive.buffer.bytes = 65536
	replica.socket.timeout.ms = 30000
	replication.quota.window.num = 11
	replication.quota.window.size.seconds = 1
	request.timeout.ms = 30000
	sasl.client.callback.handler.class = null
	sasl.enabled.mechanisms = [GSSAPI]
	sasl.jaas.config = null
	sasl.kerberos.kinit.cmd = /usr/bin/kinit
	sasl.kerberos.min.time.before.relogin = 60000
	sasl.kerberos.principal.to.local.rules = [DEFAULT]
	sasl.kerberos.service.name = null
	sasl.kerberos.ticket.renew.jitter = 0.05
	sasl.kerberos.ticket.renew.window.factor = 0.8
	sasl.login.callback.handler.class = null
	sasl.login.class = null
	sasl.login.connect.timeout.ms = null
	sasl.login.read.timeout.ms = null
	sasl.login.refresh.buffer.seconds = 300
	sasl.login.refresh.min.period.seconds = 60
	sasl.login.refresh.window.factor = 0.8
	sasl.login.refresh.window.jitter = 0.05
	sasl.login.retry.backoff.max.ms = 10000
	sasl.login.retry.backoff.ms = 100
	sasl.mechanism.controller.protocol = GSSAPI
	sasl.mechanism.inter.broker.protocol = GSSAPI
	sasl.oauthbearer.assertion.algorithm = RS256
	sasl.oauthbearer.assertion.claim.aud = null
	sasl.oauthbearer.assertion.claim.exp.seconds = 300
	sasl.oauthbearer.assertion.claim.iss = null
	sasl.oauthbearer.assertion.claim.jti.include = false
	sasl.oauthbearer.assertion.claim.nbf.seconds = 60
	sasl.oauthbearer.assertion.claim.sub = null
	sasl.oauthbearer.assertion.file = null
	sasl.oauthbearer.assertion.private.key.file = null
	sasl.oauthbearer.assertion.private.key.passphrase = null
	sasl.oauthbearer.assertion.template.file = null
	sasl.oauthbearer.client.credentials.client.id = null
	sasl.oauthbearer.client.credentials.client.secret = null
	sasl.oauthbearer.clock.skew.seconds = 30
	sasl.oauthbearer.expected.audience = []
	sasl.oauthbearer.expected.issuer = null
	sasl.oauthbearer.jwks.endpoint.refresh.ms = 3600000
	sasl.oauthbearer.jwks.endpoint.retry.backoff.max.ms = 10000
	sasl.oauthbearer.jwks.endpoint.retry.backoff.ms = 100
	sasl.oauthbearer.jwks.endpoint.url = null
	sasl.oauthbearer.jwt.retriever.class = class org.apache.kafka.common.security.oauthbearer.DefaultJwtRetriever
	sasl.oauthbearer.jwt.validator.class = class org.apache.kafka.common.security.oauthbearer.DefaultJwtValidator
	sasl.oauthbearer.scope = null
	sasl.oauthbearer.scope.claim.name = scope
	sasl.oauthbearer.sub.claim.name = sub
	sasl.oauthbearer.token.endpoint.url = null
	sasl.server.callback.handler.class = null
	sasl.server.max.receive.size = 524288
	security.inter.broker.protocol = PLAINTEXT
	security.providers = null
	server.max.startup.time.ms = 9223372036854775807
	share.coordinator.append.linger.ms = -1
	share.coordinator.cached.buffer.max.bytes = 1048588
	share.coordinator.cold.partition.snapshot.interval.ms = 300000
	share.coordinator.load.buffer.size = 5242880
	share.coordinator.snapshot.update.records.per.snapshot = 500
	share.coordinator.state.topic.compression.codec = 0
	share.coordinator.state.topic.min.isr = 1
	share.coordinator.state.topic.num.partitions = 50
	share.coordinator.state.topic.prune.interval.ms = 300000
	share.coordinator.state.topic.replication.factor = 1
	share.coordinator.state.topic.segment.bytes = 104857600
	share.coordinator.threads = 1
	share.coordinator.write.timeout.ms = 5000
	share.fetch.purgatory.purge.interval.requests = 1000
	socket.connection.setup.timeout.max.ms = 30000
	socket.connection.setup.timeout.ms = 10000
	socket.listen.backlog.size = 50
	socket.receive.buffer.bytes = 102400
	socket.request.max.bytes = 104857600
	socket.send.buffer.bytes = 102400
	ssl.allow.dn.changes = false
	ssl.allow.san.changes = false
	ssl.cipher.suites = []
	ssl.client.auth = none
	ssl.enabled.protocols = [TLSv1.2, TLSv1.3]
	ssl.endpoint.identification.algorithm = https
	ssl.engine.factory.class = null
	ssl.key.password = null
	ssl.keymanager.algorithm = SunX509
	ssl.keystore.certificate.chain = null
	ssl.keystore.key = null
	ssl.keystore.location = null
	ssl.keystore.password = null
	ssl.keystore.type = JKS
	ssl.principal.mapping.rules = DEFAULT
	ssl.protocol = TLSv1.3
	ssl.provider = null
	ssl.secure.random.implementation = null
	ssl.trustmanager.algorithm = PKIX
	ssl.truststore.certificates = null
	ssl.truststore.location = null
	ssl.truststore.password = null
	ssl.truststore.type = JKS
	telemetry.max.bytes = 1048576
	transaction.abort.timed.out.transaction.cleanup.interval.ms = 10000
	transaction.max.timeout.ms = 900000
	transaction.partition.verification.enable = true
	transaction.remove.expired.transaction.cleanup.interval.ms = 3600000
	transaction.state.log.load.buffer.size = 5242880
	transaction.state.log.min.isr = 1
	transaction.state.log.num.partitions = 50
	transaction.state.log.replication.factor = 1
	transaction.state.log.segment.bytes = 104857600
	transaction.two.phase.commit.enable = false
	transactional.id.expiration.ms = 604800000
	unclean.leader.election.enable = false
	unclean.leader.election.interval.ms = 300000
	unstable.api.versions.enable = false
	unstable.feature.versions.enable = false
 (org.apache.kafka.common.config.AbstractConfig)
[2026-09-07 11:15:58,178] INFO [broker-1-ThrottledChannelReaper-Fetch]: Starting (org.apache.kafka.server.quota.ClientQuotaManager$ThrottledChannelReaper)
[2026-09-07 11:15:58,179] INFO [broker-1-ThrottledChannelReaper-Produce]: Starting (org.apache.kafka.server.quota.ClientQuotaManager$ThrottledChannelReaper)
[2026-09-07 11:15:58,179] INFO [broker-1-ThrottledChannelReaper-Request]: Starting (org.apache.kafka.server.quota.ClientQuotaManager$ThrottledChannelReaper)
[2026-09-07 11:15:58,179] INFO [broker-1-ThrottledChannelReaper-ControllerMutation]: Starting (org.apache.kafka.server.quota.ClientQuotaManager$ThrottledChannelReaper)
[2026-09-07 11:15:58,181] INFO AbstractConfig values: 
	group.consumer.assignment.interval.ms = 1000
	group.consumer.assignors = [uniform, range]
	group.consumer.heartbeat.interval.ms = 5000
	group.consumer.max.assignment.interval.ms = 15000
	group.consumer.max.heartbeat.interval.ms = 15000
	group.consumer.max.session.timeout.ms = 60000
	group.consumer.max.size = 2147483647
	group.consumer.migration.policy = bidirectional
	group.consumer.min.assignment.interval.ms = 0
	group.consumer.min.heartbeat.interval.ms = 5000
	group.consumer.min.session.timeout.ms = 45000
	group.consumer.regex.refresh.interval.ms = 600000
	group.consumer.session.timeout.ms = 45000
	group.coordinator.append.linger.ms = -1
	group.coordinator.background.threads = 2
	group.coordinator.cached.buffer.max.bytes = 1048588
	group.coordinator.rebalance.protocols = [classic, consumer, streams]
	group.coordinator.threads = 4
	group.initial.rebalance.delay.ms = 3000
	group.max.session.timeout.ms = 1800000
	group.max.size = 2147483647
	group.min.session.timeout.ms = 6000
	group.share.assignment.interval.ms = 1000
	group.share.assignors = [simple]
	group.share.heartbeat.interval.ms = 5000
	group.share.initialize.retry.interval.ms = 30000
	group.share.max.assignment.interval.ms = 15000
	group.share.max.heartbeat.interval.ms = 15000
	group.share.max.session.timeout.ms = 60000
	group.share.max.size = 200
	group.share.min.assignment.interval.ms = 0
	group.share.min.heartbeat.interval.ms = 5000
	group.share.min.session.timeout.ms = 45000
	group.share.session.timeout.ms = 45000
	group.streams.assignment.interval.ms = 1000
	group.streams.heartbeat.interval.ms = 5000
	group.streams.initial.rebalance.delay.ms = 3000
	group.streams.max.assignment.interval.ms = 15000
	group.streams.max.heartbeat.interval.ms = 15000
	group.streams.max.session.timeout.ms = 60000
	group.streams.max.size = 2147483647
	group.streams.max.standby.replicas = 2
	group.streams.min.assignment.interval.ms = 0
	group.streams.min.heartbeat.interval.ms = 5000
	group.streams.min.session.timeout.ms = 45000
	group.streams.num.standby.replicas = 0
	group.streams.session.timeout.ms = 45000
	offset.metadata.max.bytes = 4096
	offsets.commit.timeout.ms = 5000
	offsets.load.buffer.size = 5242880
	offsets.retention.check.interval.ms = 600000
	offsets.retention.minutes = 10080
	offsets.topic.compression.codec = 0
	offsets.topic.num.partitions = 50
	offsets.topic.replication.factor = 1
	offsets.topic.segment.bytes = 104857600
 (org.apache.kafka.common.config.AbstractConfig)
[2026-09-07 11:15:58,182] INFO KafkaConfig values: 
	add.partitions.to.txn.retry.backoff.max.ms = 100
	add.partitions.to.txn.retry.backoff.ms = 20
	advertised.listeners = [PLAINTEXT://localhost:9092, CONTROLLER://localhost:9093]
	alter.config.policy.class.name = null
	alter.log.dirs.replication.quota.window.num = 11
	alter.log.dirs.replication.quota.window.size.seconds = 1
	authorizer.class.name = 
	auto.create.topics.enable = true
	auto.leader.rebalance.enable = true
	background.threads = 10
	broker.heartbeat.interval.ms = 2000
	broker.id = 1
	broker.rack = null
	broker.session.timeout.ms = 9000
	client.quota.callback.class = null
	compression.gzip.level = -1
	compression.lz4.level = 9
	compression.type = producer
	compression.zstd.level = 3
	config.providers = []
	connection.failed.authentication.delay.ms = 100
	connections.max.idle.ms = 600000
	connections.max.reauth.ms = 0
	controlled.shutdown.enable = true
	controller.listener.names = [CONTROLLER]
	controller.performance.always.log.threshold.ms = 2000
	controller.performance.sample.period.ms = 60000
	controller.quorum.append.linger.ms = 25
	controller.quorum.auto.join.enable = false
	controller.quorum.bootstrap.servers = [localhost:9093]
	controller.quorum.election.backoff.max.ms = 1000
	controller.quorum.election.timeout.ms = 1000
	controller.quorum.fetch.max.bytes = 1048576
	controller.quorum.fetch.snapshot.max.bytes = 1048576
	controller.quorum.fetch.timeout.ms = 2000
	controller.quorum.request.timeout.ms = 2000
	controller.quorum.retry.backoff.ms = 20
	controller.quorum.voters = [1@localhost:9093]
	controller.quota.window.num = 11
	controller.quota.window.size.seconds = 1
	controller.socket.timeout.ms = 30000
	cordoned.log.dirs = []
	create.topic.policy.class.name = null
	default.replication.factor = 1
	delegation.token.expiry.check.interval.ms = 3600000
	delegation.token.expiry.time.ms = 86400000
	delegation.token.max.lifetime.ms = 604800000
	delegation.token.secret.key = null
	delete.records.purgatory.purge.interval.requests = 1
	delete.topic.enable = true
	early.start.listeners = null
	fetch.max.bytes = 57671680
	fetch.purgatory.purge.interval.requests = 1000
	follower.fetch.last.tiered.offset.enable = false
	group.consumer.assignment.interval.ms = 1000
	group.consumer.assignors = [uniform, range]
	group.consumer.heartbeat.interval.ms = 5000
	group.consumer.max.assignment.interval.ms = 15000
	group.consumer.max.heartbeat.interval.ms = 15000
	group.consumer.max.session.timeout.ms = 60000
	group.consumer.max.size = 2147483647
	group.consumer.migration.policy = bidirectional
	group.consumer.min.assignment.interval.ms = 0
	group.consumer.min.heartbeat.interval.ms = 5000
	group.consumer.min.session.timeout.ms = 45000
	group.consumer.regex.refresh.interval.ms = 600000
	group.consumer.session.timeout.ms = 45000
	group.coordinator.append.linger.ms = -1
	group.coordinator.background.threads = 2
	group.coordinator.cached.buffer.max.bytes = 1048588
	group.coordinator.rebalance.protocols = [classic, consumer, streams]
	group.coordinator.threads = 4
	group.initial.rebalance.delay.ms = 3000
	group.max.session.timeout.ms = 1800000
	group.max.size = 2147483647
	group.min.session.timeout.ms = 6000
	group.share.assignment.interval.ms = 1000
	group.share.assignors = [simple]
	group.share.delivery.count.limit = 5
	group.share.heartbeat.interval.ms = 5000
	group.share.initialize.retry.interval.ms = 30000
	group.share.max.assignment.interval.ms = 15000
	group.share.max.delivery.count.limit = 10
	group.share.max.heartbeat.interval.ms = 15000
	group.share.max.partition.max.record.locks = 4000
	group.share.max.record.lock.duration.ms = 60000
	group.share.max.session.timeout.ms = 60000
	group.share.max.share.sessions = 2000
	group.share.max.size = 200
	group.share.min.assignment.interval.ms = 0
	group.share.min.delivery.count.limit = 2
	group.share.min.heartbeat.interval.ms = 5000
	group.share.min.partition.max.record.locks = 100
	group.share.min.record.lock.duration.ms = 15000
	group.share.min.session.timeout.ms = 45000
	group.share.partition.max.record.locks = 2000
	group.share.persister.class.name = org.apache.kafka.server.share.persister.DefaultStatePersister
	group.share.record.lock.duration.ms = 30000
	group.share.session.timeout.ms = 45000
	group.streams.assignment.interval.ms = 1000
	group.streams.heartbeat.interval.ms = 5000
	group.streams.initial.rebalance.delay.ms = 3000
	group.streams.max.assignment.interval.ms = 15000
	group.streams.max.heartbeat.interval.ms = 15000
	group.streams.max.session.timeout.ms = 60000
	group.streams.max.size = 2147483647
	group.streams.max.standby.replicas = 2
	group.streams.min.assignment.interval.ms = 0
	group.streams.min.heartbeat.interval.ms = 5000
	group.streams.min.session.timeout.ms = 45000
	group.streams.num.standby.replicas = 0
	group.streams.session.timeout.ms = 45000
	initial.broker.registration.timeout.ms = 60000
	inter.broker.listener.name = PLAINTEXT
	internal.metadata.delete.delay.millis = 60000
	internal.metadata.log.segment.bytes = null
	internal.metadata.max.batch.size.in.bytes = 8388608
	kafka.metrics.polling.interval.secs = 10
	kafka.metrics.reporters = []
	leader.imbalance.check.interval.seconds = 300
	listener.security.protocol.map = CONTROLLER:PLAINTEXT,PLAINTEXT:PLAINTEXT,SSL:SSL,SASL_PLAINTEXT:SASL_PLAINTEXT,SASL_SSL:SASL_SSL
	listeners = [PLAINTEXT://:9092, CONTROLLER://:9093]
	log.cleaner.backoff.ms = 15000
	log.cleaner.dedupe.buffer.size = 134217728
	log.cleaner.delete.retention.ms = 86400000
	log.cleaner.enable = true
	log.cleaner.io.buffer.load.factor = 0.9
	log.cleaner.io.buffer.size = 524288
	log.cleaner.io.max.bytes.per.second = 1.7976931348623157E308
	log.cleaner.max.compaction.lag.ms = 9223372036854775807
	log.cleaner.min.cleanable.ratio = 0.5
	log.cleaner.min.compaction.lag.ms = 0
	log.cleaner.threads = 1
	log.cleanup.policy = [delete]
	log.dir = [/tmp/kafka-logs]
	log.dir.failure.timeout.ms = 30000
	log.dirs = [/tmp/kraft-combined-logs]
	log.flush.interval.messages = 9223372036854775807
	log.flush.interval.ms = null
	log.flush.offset.checkpoint.interval.ms = 60000
	log.flush.scheduler.interval.ms = 9223372036854775807
	log.flush.start.offset.checkpoint.interval.ms = 60000
	log.index.interval.bytes = 4096
	log.index.size.max.bytes = 10485760
	log.initial.task.delay.ms = 30000
	log.local.retention.bytes = -2
	log.local.retention.ms = -2
	log.message.timestamp.after.max.ms = 3600000
	log.message.timestamp.before.max.ms = 9223372036854775807
	log.message.timestamp.type = CreateTime
	log.preallocate = false
	log.retention.bytes = -1
	log.retention.check.interval.ms = 300000
	log.retention.hours = 168
	log.retention.minutes = null
	log.retention.ms = null
	log.roll.hours = 168
	log.roll.jitter.hours = 0
	log.roll.jitter.ms = null
	log.roll.ms = null
	log.segment.bytes = 1073741824
	log.segment.delete.delay.ms = 60000
	max.connection.creation.rate = 2147483647
	max.connections = 2147483647
	max.connections.per.ip = 2147483647
	max.connections.per.ip.overrides = 
	max.incremental.fetch.session.cache.slots = 1000
	max.request.partition.size.limit = 2000
	message.max.bytes = 1048588
	metadata.log.dir = null
	metadata.log.max.record.bytes.between.snapshots = 20971520
	metadata.log.max.snapshot.interval.ms = 3600000
	metadata.log.segment.bytes = 1073741824
	metadata.log.segment.ms = 604800000
	metadata.max.idle.interval.ms = 500
	metadata.max.retention.bytes = 104857600
	metadata.max.retention.ms = 604800000
	metric.reporters = [org.apache.kafka.common.metrics.JmxReporter]
	metrics.num.samples = 2
	metrics.recording.level = INFO
	metrics.sample.window.ms = 30000
	min.insync.replicas = 1
	node.id = 1
	num.io.threads = 8
	num.network.threads = 3
	num.partitions = 1
	num.recovery.threads.per.data.dir = 2
	num.replica.alter.log.dirs.threads = null
	num.replica.fetchers = 1
	offset.metadata.max.bytes = 4096
	offsets.commit.timeout.ms = 5000
	offsets.load.buffer.size = 5242880
	offsets.retention.check.interval.ms = 600000
	offsets.retention.minutes = 10080
	offsets.topic.compression.codec = 0
	offsets.topic.num.partitions = 50
	offsets.topic.replication.factor = 1
	offsets.topic.segment.bytes = 104857600
	principal.builder.class = class org.apache.kafka.common.security.authenticator.DefaultKafkaPrincipalBuilder
	process.roles = [broker, controller]
	producer.id.expiration.check.interval.ms = 600000
	producer.id.expiration.ms = 86400000
	producer.purgatory.purge.interval.requests = 1000
	queued.max.request.bytes = -1
	queued.max.requests = 500
	quota.window.num = 11
	quota.window.size.seconds = 1
	remote.fetch.max.wait.ms = 500
	remote.list.offsets.request.timeout.ms = 30000
	remote.log.index.file.cache.total.size.bytes = 1073741824
	remote.log.index.file.cache.ttl.ms = 900000
	remote.log.manager.copier.thread.pool.size = 10
	remote.log.manager.copy.max.bytes.per.second = 9223372036854775807
	remote.log.manager.copy.quota.window.num = 11
	remote.log.manager.copy.quota.window.size.seconds = 1
	remote.log.manager.expiration.thread.pool.size = 10
	remote.log.manager.fetch.max.bytes.per.second = 9223372036854775807
	remote.log.manager.fetch.quota.window.num = 11
	remote.log.manager.fetch.quota.window.size.seconds = 1
	remote.log.manager.follower.thread.pool.size = 2
	remote.log.manager.task.interval.ms = 30000
	remote.log.manager.task.retry.backoff.max.ms = 30000
	remote.log.manager.task.retry.backoff.ms = 500
	remote.log.manager.task.retry.jitter = 0.2
	remote.log.manager.thread.pool.size = 2
	remote.log.metadata.custom.metadata.max.bytes = 128
	remote.log.metadata.manager.class.name = org.apache.kafka.server.log.remote.metadata.storage.TopicBasedRemoteLogMetadataManager
	remote.log.metadata.manager.class.path = null
	remote.log.metadata.manager.impl.prefix = rlmm.config.
	remote.log.metadata.manager.listener.name = null
	remote.log.reader.max.pending.tasks = 100
	remote.log.reader.threads = 10
	remote.log.storage.manager.class.name = null
	remote.log.storage.manager.class.path = null
	remote.log.storage.manager.impl.prefix = rsm.config.
	remote.log.storage.system.enable = false
	replica.fetch.backoff.ms = 1000
	replica.fetch.max.bytes = 1048576
	replica.fetch.min.bytes = 1
	replica.fetch.response.max.bytes = 10485760
	replica.fetch.wait.max.ms = 500
	replica.high.watermark.checkpoint.interval.ms = 5000
	replica.lag.time.max.ms = 30000
	replica.selector.class = null
	replica.socket.receive.buffer.bytes = 65536
	replica.socket.timeout.ms = 30000
	replication.quota.window.num = 11
	replication.quota.window.size.seconds = 1
	request.timeout.ms = 30000
	sasl.client.callback.handler.class = null
	sasl.enabled.mechanisms = [GSSAPI]
	sasl.jaas.config = null
	sasl.kerberos.kinit.cmd = /usr/bin/kinit
	sasl.kerberos.min.time.before.relogin = 60000
	sasl.kerberos.principal.to.local.rules = [DEFAULT]
	sasl.kerberos.service.name = null
	sasl.kerberos.ticket.renew.jitter = 0.05
	sasl.kerberos.ticket.renew.window.factor = 0.8
	sasl.login.callback.handler.class = null
	sasl.login.class = null
	sasl.login.connect.timeout.ms = null
	sasl.login.read.timeout.ms = null
	sasl.login.refresh.buffer.seconds = 300
	sasl.login.refresh.min.period.seconds = 60
	sasl.login.refresh.window.factor = 0.8
	sasl.login.refresh.window.jitter = 0.05
	sasl.login.retry.backoff.max.ms = 10000
	sasl.login.retry.backoff.ms = 100
	sasl.mechanism.controller.protocol = GSSAPI
	sasl.mechanism.inter.broker.protocol = GSSAPI
	sasl.oauthbearer.assertion.algorithm = RS256
	sasl.oauthbearer.assertion.claim.aud = null
	sasl.oauthbearer.assertion.claim.exp.seconds = 300
	sasl.oauthbearer.assertion.claim.iss = null
	sasl.oauthbearer.assertion.claim.jti.include = false
	sasl.oauthbearer.assertion.claim.nbf.seconds = 60
	sasl.oauthbearer.assertion.claim.sub = null
	sasl.oauthbearer.assertion.file = null
	sasl.oauthbearer.assertion.private.key.file = null
	sasl.oauthbearer.assertion.private.key.passphrase = null
	sasl.oauthbearer.assertion.template.file = null
	sasl.oauthbearer.client.credentials.client.id = null
	sasl.oauthbearer.client.credentials.client.secret = null
	sasl.oauthbearer.clock.skew.seconds = 30
	sasl.oauthbearer.expected.audience = []
	sasl.oauthbearer.expected.issuer = null
	sasl.oauthbearer.jwks.endpoint.refresh.ms = 3600000
	sasl.oauthbearer.jwks.endpoint.retry.backoff.max.ms = 10000
	sasl.oauthbearer.jwks.endpoint.retry.backoff.ms = 100
	sasl.oauthbearer.jwks.endpoint.url = null
	sasl.oauthbearer.jwt.retriever.class = class org.apache.kafka.common.security.oauthbearer.DefaultJwtRetriever
	sasl.oauthbearer.jwt.validator.class = class org.apache.kafka.common.security.oauthbearer.DefaultJwtValidator
	sasl.oauthbearer.scope = null
	sasl.oauthbearer.scope.claim.name = scope
	sasl.oauthbearer.sub.claim.name = sub
	sasl.oauthbearer.token.endpoint.url = null
	sasl.server.callback.handler.class = null
	sasl.server.max.receive.size = 524288
	security.inter.broker.protocol = PLAINTEXT
	security.providers = null
	server.max.startup.time.ms = 9223372036854775807
	share.coordinator.append.linger.ms = -1
	share.coordinator.cached.buffer.max.bytes = 1048588
	share.coordinator.cold.partition.snapshot.interval.ms = 300000
	share.coordinator.load.buffer.size = 5242880
	share.coordinator.snapshot.update.records.per.snapshot = 500
	share.coordinator.state.topic.compression.codec = 0
	share.coordinator.state.topic.min.isr = 1
	share.coordinator.state.topic.num.partitions = 50
	share.coordinator.state.topic.prune.interval.ms = 300000
	share.coordinator.state.topic.replication.factor = 1
	share.coordinator.state.topic.segment.bytes = 104857600
	share.coordinator.threads = 1
	share.coordinator.write.timeout.ms = 5000
	share.fetch.purgatory.purge.interval.requests = 1000
	socket.connection.setup.timeout.max.ms = 30000
	socket.connection.setup.timeout.ms = 10000
	socket.listen.backlog.size = 50
	socket.receive.buffer.bytes = 102400
	socket.request.max.bytes = 104857600
	socket.send.buffer.bytes = 102400
	ssl.allow.dn.changes = false
	ssl.allow.san.changes = false
	ssl.cipher.suites = []
	ssl.client.auth = none
	ssl.enabled.protocols = [TLSv1.2, TLSv1.3]
	ssl.endpoint.identification.algorithm = https
	ssl.engine.factory.class = null
	ssl.key.password = null
	ssl.keymanager.algorithm = SunX509
	ssl.keystore.certificate.chain = null
	ssl.keystore.key = null
	ssl.keystore.location = null
	ssl.keystore.password = null
	ssl.keystore.type = JKS
	ssl.principal.mapping.rules = DEFAULT
	ssl.protocol = TLSv1.3
	ssl.provider = null
	ssl.secure.random.implementation = null
	ssl.trustmanager.algorithm = PKIX
	ssl.truststore.certificates = null
	ssl.truststore.location = null
	ssl.truststore.password = null
	ssl.truststore.type = JKS
	telemetry.max.bytes = 1048576
	transaction.abort.timed.out.transaction.cleanup.interval.ms = 10000
	transaction.max.timeout.ms = 900000
	transaction.partition.verification.enable = true
	transaction.remove.expired.transaction.cleanup.interval.ms = 3600000
	transaction.state.log.load.buffer.size = 5242880
	transaction.state.log.min.isr = 1
	transaction.state.log.num.partitions = 50
	transaction.state.log.replication.factor = 1
	transaction.state.log.segment.bytes = 104857600
	transaction.two.phase.commit.enable = false
	transactional.id.expiration.ms = 604800000
	unclean.leader.election.enable = false
	unclean.leader.election.interval.ms = 300000
	unstable.api.versions.enable = false
	unstable.feature.versions.enable = false
 (org.apache.kafka.common.config.AbstractConfig)
[2026-09-07 11:15:58,183] INFO [MetadataLoader id=1] InitializeNewPublishers: initializing DynamicClientQuotaPublisher controller id=1 with a snapshot at offset 149412 (org.apache.kafka.image.loader.MetadataLoader)
[2026-09-07 11:15:58,183] INFO [MetadataLoader id=1] InitializeNewPublishers: initializing DynamicTopicClusterQuotaPublisher controller id=1 with a snapshot at offset 149412 (org.apache.kafka.image.loader.MetadataLoader)
[2026-09-07 11:15:58,183] INFO [MetadataLoader id=1] InitializeNewPublishers: initializing ScramPublisher controller id=1 with a snapshot at offset 149412 (org.apache.kafka.image.loader.MetadataLoader)
[2026-09-07 11:15:58,184] INFO [MetadataLoader id=1] InitializeNewPublishers: initializing DelegationTokenPublisher controller id=1 with a snapshot at offset 149412 (org.apache.kafka.image.loader.MetadataLoader)
[2026-09-07 11:15:58,184] INFO [MetadataLoader id=1] InitializeNewPublishers: initializing ControllerMetadataMetricsPublisher with a snapshot at offset 149412 (org.apache.kafka.image.loader.MetadataLoader)
[2026-09-07 11:15:58,184] INFO [MetadataLoader id=1] InitializeNewPublishers: initializing AclPublisher controller id=1 with a snapshot at offset 149412 (org.apache.kafka.image.loader.MetadataLoader)
[2026-09-07 11:15:58,184] INFO AbstractConfig values: 
	group.consumer.assignment.interval.ms = 1000
	group.consumer.assignors = [uniform, range]
	group.consumer.heartbeat.interval.ms = 5000
	group.consumer.max.assignment.interval.ms = 15000
	group.consumer.max.heartbeat.interval.ms = 15000
	group.consumer.max.session.timeout.ms = 60000
	group.consumer.max.size = 2147483647
	group.consumer.migration.policy = bidirectional
	group.consumer.min.assignment.interval.ms = 0
	group.consumer.min.heartbeat.interval.ms = 5000
	group.consumer.min.session.timeout.ms = 45000
	group.consumer.regex.refresh.interval.ms = 600000
	group.consumer.session.timeout.ms = 45000
	group.coordinator.append.linger.ms = -1
	group.coordinator.background.threads = 2
	group.coordinator.cached.buffer.max.bytes = 1048588
	group.coordinator.rebalance.protocols = [classic, consumer, streams]
	group.coordinator.threads = 4
	group.initial.rebalance.delay.ms = 3000
	group.max.session.timeout.ms = 1800000
	group.max.size = 2147483647
	group.min.session.timeout.ms = 6000
	group.share.assignment.interval.ms = 1000
	group.share.assignors = [simple]
	group.share.heartbeat.interval.ms = 5000
	group.share.initialize.retry.interval.ms = 30000
	group.share.max.assignment.interval.ms = 15000
	group.share.max.heartbeat.interval.ms = 15000
	group.share.max.session.timeout.ms = 60000
	group.share.max.size = 200
	group.share.min.assignment.interval.ms = 0
	group.share.min.heartbeat.interval.ms = 5000
	group.share.min.session.timeout.ms = 45000
	group.share.session.timeout.ms = 45000
	group.streams.assignment.interval.ms = 1000
	group.streams.heartbeat.interval.ms = 5000
	group.streams.initial.rebalance.delay.ms = 3000
	group.streams.max.assignment.interval.ms = 15000
	group.streams.max.heartbeat.interval.ms = 15000
	group.streams.max.session.timeout.ms = 60000
	group.streams.max.size = 2147483647
	group.streams.max.standby.replicas = 2
	group.streams.min.assignment.interval.ms = 0
	group.streams.min.heartbeat.interval.ms = 5000
	group.streams.min.session.timeout.ms = 45000
	group.streams.num.standby.replicas = 0
	group.streams.session.timeout.ms = 45000
	offset.metadata.max.bytes = 4096
	offsets.commit.timeout.ms = 5000
	offsets.load.buffer.size = 5242880
	offsets.retention.check.interval.ms = 600000
	offsets.retention.minutes = 10080
	offsets.topic.compression.codec = 0
	offsets.topic.num.partitions = 50
	offsets.topic.replication.factor = 1
	offsets.topic.segment.bytes = 104857600
 (org.apache.kafka.common.config.AbstractConfig)
[2026-09-07 11:15:58,185] INFO KafkaConfig values: 
	add.partitions.to.txn.retry.backoff.max.ms = 100
	add.partitions.to.txn.retry.backoff.ms = 20
	advertised.listeners = [PLAINTEXT://localhost:9092, CONTROLLER://localhost:9093]
	alter.config.policy.class.name = null
	alter.log.dirs.replication.quota.window.num = 11
	alter.log.dirs.replication.quota.window.size.seconds = 1
	authorizer.class.name = 
	auto.create.topics.enable = true
	auto.leader.rebalance.enable = true
	background.threads = 10
	broker.heartbeat.interval.ms = 2000
	broker.id = 1
	broker.rack = null
	broker.session.timeout.ms = 9000
	client.quota.callback.class = null
	compression.gzip.level = -1
	compression.lz4.level = 9
	compression.type = producer
	compression.zstd.level = 3
	config.providers = []
	connection.failed.authentication.delay.ms = 100
	connections.max.idle.ms = 600000
	connections.max.reauth.ms = 0
	controlled.shutdown.enable = true
	controller.listener.names = [CONTROLLER]
	controller.performance.always.log.threshold.ms = 2000
	controller.performance.sample.period.ms = 60000
	controller.quorum.append.linger.ms = 25
	controller.quorum.auto.join.enable = false
	controller.quorum.bootstrap.servers = [localhost:9093]
	controller.quorum.election.backoff.max.ms = 1000
	controller.quorum.election.timeout.ms = 1000
	controller.quorum.fetch.max.bytes = 1048576
	controller.quorum.fetch.snapshot.max.bytes = 1048576
	controller.quorum.fetch.timeout.ms = 2000
	controller.quorum.request.timeout.ms = 2000
	controller.quorum.retry.backoff.ms = 20
	controller.quorum.voters = [1@localhost:9093]
	controller.quota.window.num = 11
	controller.quota.window.size.seconds = 1
	controller.socket.timeout.ms = 30000
	cordoned.log.dirs = []
	create.topic.policy.class.name = null
	default.replication.factor = 1
	delegation.token.expiry.check.interval.ms = 3600000
	delegation.token.expiry.time.ms = 86400000
	delegation.token.max.lifetime.ms = 604800000
	delegation.token.secret.key = null
	delete.records.purgatory.purge.interval.requests = 1
	delete.topic.enable = true
	early.start.listeners = null
	fetch.max.bytes = 57671680
	fetch.purgatory.purge.interval.requests = 1000
	follower.fetch.last.tiered.offset.enable = false
	group.consumer.assignment.interval.ms = 1000
	group.consumer.assignors = [uniform, range]
	group.consumer.heartbeat.interval.ms = 5000
	group.consumer.max.assignment.interval.ms = 15000
	group.consumer.max.heartbeat.interval.ms = 15000
	group.consumer.max.session.timeout.ms = 60000
	group.consumer.max.size = 2147483647
	group.consumer.migration.policy = bidirectional
	group.consumer.min.assignment.interval.ms = 0
	group.consumer.min.heartbeat.interval.ms = 5000
	group.consumer.min.session.timeout.ms = 45000
	group.consumer.regex.refresh.interval.ms = 600000
	group.consumer.session.timeout.ms = 45000
	group.coordinator.append.linger.ms = -1
	group.coordinator.background.threads = 2
	group.coordinator.cached.buffer.max.bytes = 1048588
	group.coordinator.rebalance.protocols = [classic, consumer, streams]
	group.coordinator.threads = 4
	group.initial.rebalance.delay.ms = 3000
	group.max.session.timeout.ms = 1800000
	group.max.size = 2147483647
	group.min.session.timeout.ms = 6000
	group.share.assignment.interval.ms = 1000
	group.share.assignors = [simple]
	group.share.delivery.count.limit = 5
	group.share.heartbeat.interval.ms = 5000
	group.share.initialize.retry.interval.ms = 30000
	group.share.max.assignment.interval.ms = 15000
	group.share.max.delivery.count.limit = 10
	group.share.max.heartbeat.interval.ms = 15000
	group.share.max.partition.max.record.locks = 4000
	group.share.max.record.lock.duration.ms = 60000
	group.share.max.session.timeout.ms = 60000
	group.share.max.share.sessions = 2000
	group.share.max.size = 200
	group.share.min.assignment.interval.ms = 0
	group.share.min.delivery.count.limit = 2
	group.share.min.heartbeat.interval.ms = 5000
	group.share.min.partition.max.record.locks = 100
	group.share.min.record.lock.duration.ms = 15000
	group.share.min.session.timeout.ms = 45000
	group.share.partition.max.record.locks = 2000
	group.share.persister.class.name = org.apache.kafka.server.share.persister.DefaultStatePersister
	group.share.record.lock.duration.ms = 30000
	group.share.session.timeout.ms = 45000
	group.streams.assignment.interval.ms = 1000
	group.streams.heartbeat.interval.ms = 5000
	group.streams.initial.rebalance.delay.ms = 3000
	group.streams.max.assignment.interval.ms = 15000
	group.streams.max.heartbeat.interval.ms = 15000
	group.streams.max.session.timeout.ms = 60000
	group.streams.max.size = 2147483647
	group.streams.max.standby.replicas = 2
	group.streams.min.assignment.interval.ms = 0
	group.streams.min.heartbeat.interval.ms = 5000
	group.streams.min.session.timeout.ms = 45000
	group.streams.num.standby.replicas = 0
	group.streams.session.timeout.ms = 45000
	initial.broker.registration.timeout.ms = 60000
	inter.broker.listener.name = PLAINTEXT
	internal.metadata.delete.delay.millis = 60000
	internal.metadata.log.segment.bytes = null
	internal.metadata.max.batch.size.in.bytes = 8388608
	kafka.metrics.polling.interval.secs = 10
	kafka.metrics.reporters = []
	leader.imbalance.check.interval.seconds = 300
	listener.security.protocol.map = CONTROLLER:PLAINTEXT,PLAINTEXT:PLAINTEXT,SSL:SSL,SASL_PLAINTEXT:SASL_PLAINTEXT,SASL_SSL:SASL_SSL
	listeners = [PLAINTEXT://:9092, CONTROLLER://:9093]
	log.cleaner.backoff.ms = 15000
	log.cleaner.dedupe.buffer.size = 134217728
	log.cleaner.delete.retention.ms = 86400000
	log.cleaner.enable = true
	log.cleaner.io.buffer.load.factor = 0.9
	log.cleaner.io.buffer.size = 524288
	log.cleaner.io.max.bytes.per.second = 1.7976931348623157E308
	log.cleaner.max.compaction.lag.ms = 9223372036854775807
	log.cleaner.min.cleanable.ratio = 0.5
	log.cleaner.min.compaction.lag.ms = 0
	log.cleaner.threads = 1
	log.cleanup.policy = [delete]
	log.dir = [/tmp/kafka-logs]
	log.dir.failure.timeout.ms = 30000
	log.dirs = [/tmp/kraft-combined-logs]
	log.flush.interval.messages = 9223372036854775807
	log.flush.interval.ms = null
	log.flush.offset.checkpoint.interval.ms = 60000
	log.flush.scheduler.interval.ms = 9223372036854775807
	log.flush.start.offset.checkpoint.interval.ms = 60000
	log.index.interval.bytes = 4096
	log.index.size.max.bytes = 10485760
	log.initial.task.delay.ms = 30000
	log.local.retention.bytes = -2
	log.local.retention.ms = -2
	log.message.timestamp.after.max.ms = 3600000
	log.message.timestamp.before.max.ms = 9223372036854775807
	log.message.timestamp.type = CreateTime
	log.preallocate = false
	log.retention.bytes = -1
	log.retention.check.interval.ms = 300000
	log.retention.hours = 168
	log.retention.minutes = null
	log.retention.ms = null
	log.roll.hours = 168
	log.roll.jitter.hours = 0
	log.roll.jitter.ms = null
	log.roll.ms = null
	log.segment.bytes = 1073741824
	log.segment.delete.delay.ms = 60000
	max.connection.creation.rate = 2147483647
	max.connections = 2147483647
	max.connections.per.ip = 2147483647
	max.connections.per.ip.overrides = 
	max.incremental.fetch.session.cache.slots = 1000
	max.request.partition.size.limit = 2000
	message.max.bytes = 1048588
	metadata.log.dir = null
	metadata.log.max.record.bytes.between.snapshots = 20971520
	metadata.log.max.snapshot.interval.ms = 3600000
	metadata.log.segment.bytes = 1073741824
	metadata.log.segment.ms = 604800000
	metadata.max.idle.interval.ms = 500
	metadata.max.retention.bytes = 104857600
	metadata.max.retention.ms = 604800000
	metric.reporters = [org.apache.kafka.common.metrics.JmxReporter]
	metrics.num.samples = 2
	metrics.recording.level = INFO
	metrics.sample.window.ms = 30000
	min.insync.replicas = 1
	node.id = 1
	num.io.threads = 8
	num.network.threads = 3
	num.partitions = 1
	num.recovery.threads.per.data.dir = 2
	num.replica.alter.log.dirs.threads = null
	num.replica.fetchers = 1
	offset.metadata.max.bytes = 4096
	offsets.commit.timeout.ms = 5000
	offsets.load.buffer.size = 5242880
	offsets.retention.check.interval.ms = 600000
	offsets.retention.minutes = 10080
	offsets.topic.compression.codec = 0
	offsets.topic.num.partitions = 50
	offsets.topic.replication.factor = 1
	offsets.topic.segment.bytes = 104857600
	principal.builder.class = class org.apache.kafka.common.security.authenticator.DefaultKafkaPrincipalBuilder
	process.roles = [broker, controller]
	producer.id.expiration.check.interval.ms = 600000
	producer.id.expiration.ms = 86400000
	producer.purgatory.purge.interval.requests = 1000
	queued.max.request.bytes = -1
	queued.max.requests = 500
	quota.window.num = 11
	quota.window.size.seconds = 1
	remote.fetch.max.wait.ms = 500
	remote.list.offsets.request.timeout.ms = 30000
	remote.log.index.file.cache.total.size.bytes = 1073741824
	remote.log.index.file.cache.ttl.ms = 900000
	remote.log.manager.copier.thread.pool.size = 10
	remote.log.manager.copy.max.bytes.per.second = 9223372036854775807
	remote.log.manager.copy.quota.window.num = 11
	remote.log.manager.copy.quota.window.size.seconds = 1
	remote.log.manager.expiration.thread.pool.size = 10
	remote.log.manager.fetch.max.bytes.per.second = 9223372036854775807
	remote.log.manager.fetch.quota.window.num = 11
	remote.log.manager.fetch.quota.window.size.seconds = 1
	remote.log.manager.follower.thread.pool.size = 2
	remote.log.manager.task.interval.ms = 30000
	remote.log.manager.task.retry.backoff.max.ms = 30000
	remote.log.manager.task.retry.backoff.ms = 500
	remote.log.manager.task.retry.jitter = 0.2
	remote.log.manager.thread.pool.size = 2
	remote.log.metadata.custom.metadata.max.bytes = 128
	remote.log.metadata.manager.class.name = org.apache.kafka.server.log.remote.metadata.storage.TopicBasedRemoteLogMetadataManager
	remote.log.metadata.manager.class.path = null
	remote.log.metadata.manager.impl.prefix = rlmm.config.
	remote.log.metadata.manager.listener.name = null
	remote.log.reader.max.pending.tasks = 100
	remote.log.reader.threads = 10
	remote.log.storage.manager.class.name = null
	remote.log.storage.manager.class.path = null
	remote.log.storage.manager.impl.prefix = rsm.config.
	remote.log.storage.system.enable = false
	replica.fetch.backoff.ms = 1000
	replica.fetch.max.bytes = 1048576
	replica.fetch.min.bytes = 1
	replica.fetch.response.max.bytes = 10485760
	replica.fetch.wait.max.ms = 500
	replica.high.watermark.checkpoint.interval.ms = 5000
	replica.lag.time.max.ms = 30000
	replica.selector.class = null
	replica.socket.receive.buffer.bytes = 65536
	replica.socket.timeout.ms = 30000
	replication.quota.window.num = 11
	replication.quota.window.size.seconds = 1
	request.timeout.ms = 30000
	sasl.client.callback.handler.class = null
	sasl.enabled.mechanisms = [GSSAPI]
	sasl.jaas.config = null
	sasl.kerberos.kinit.cmd = /usr/bin/kinit
	sasl.kerberos.min.time.before.relogin = 60000
	sasl.kerberos.principal.to.local.rules = [DEFAULT]
	sasl.kerberos.service.name = null
	sasl.kerberos.ticket.renew.jitter = 0.05
	sasl.kerberos.ticket.renew.window.factor = 0.8
	sasl.login.callback.handler.class = null
	sasl.login.class = null
	sasl.login.connect.timeout.ms = null
	sasl.login.read.timeout.ms = null
	sasl.login.refresh.buffer.seconds = 300
	sasl.login.refresh.min.period.seconds = 60
	sasl.login.refresh.window.factor = 0.8
	sasl.login.refresh.window.jitter = 0.05
	sasl.login.retry.backoff.max.ms = 10000
	sasl.login.retry.backoff.ms = 100
	sasl.mechanism.controller.protocol = GSSAPI
	sasl.mechanism.inter.broker.protocol = GSSAPI
	sasl.oauthbearer.assertion.algorithm = RS256
	sasl.oauthbearer.assertion.claim.aud = null
	sasl.oauthbearer.assertion.claim.exp.seconds = 300
	sasl.oauthbearer.assertion.claim.iss = null
	sasl.oauthbearer.assertion.claim.jti.include = false
	sasl.oauthbearer.assertion.claim.nbf.seconds = 60
	sasl.oauthbearer.assertion.claim.sub = null
	sasl.oauthbearer.assertion.file = null
	sasl.oauthbearer.assertion.private.key.file = null
	sasl.oauthbearer.assertion.private.key.passphrase = null
	sasl.oauthbearer.assertion.template.file = null
	sasl.oauthbearer.client.credentials.client.id = null
	sasl.oauthbearer.client.credentials.client.secret = null
	sasl.oauthbearer.clock.skew.seconds = 30
	sasl.oauthbearer.expected.audience = []
	sasl.oauthbearer.expected.issuer = null
	sasl.oauthbearer.jwks.endpoint.refresh.ms = 3600000
	sasl.oauthbearer.jwks.endpoint.retry.backoff.max.ms = 10000
	sasl.oauthbearer.jwks.endpoint.retry.backoff.ms = 100
	sasl.oauthbearer.jwks.endpoint.url = null
	sasl.oauthbearer.jwt.retriever.class = class org.apache.kafka.common.security.oauthbearer.DefaultJwtRetriever
	sasl.oauthbearer.jwt.validator.class = class org.apache.kafka.common.security.oauthbearer.DefaultJwtValidator
	sasl.oauthbearer.scope = null
	sasl.oauthbearer.scope.claim.name = scope
	sasl.oauthbearer.sub.claim.name = sub
	sasl.oauthbearer.token.endpoint.url = null
	sasl.server.callback.handler.class = null
	sasl.server.max.receive.size = 524288
	security.inter.broker.protocol = PLAINTEXT
	security.providers = null
	server.max.startup.time.ms = 9223372036854775807
	share.coordinator.append.linger.ms = -1
	share.coordinator.cached.buffer.max.bytes = 1048588
	share.coordinator.cold.partition.snapshot.interval.ms = 300000
	share.coordinator.load.buffer.size = 5242880
	share.coordinator.snapshot.update.records.per.snapshot = 500
	share.coordinator.state.topic.compression.codec = 0
	share.coordinator.state.topic.min.isr = 1
	share.coordinator.state.topic.num.partitions = 50
	share.coordinator.state.topic.prune.interval.ms = 300000
	share.coordinator.state.topic.replication.factor = 1
	share.coordinator.state.topic.segment.bytes = 104857600
	share.coordinator.threads = 1
	share.coordinator.write.timeout.ms = 5000
	share.fetch.purgatory.purge.interval.requests = 1000
	socket.connection.setup.timeout.max.ms = 30000
	socket.connection.setup.timeout.ms = 10000
	socket.listen.backlog.size = 50
	socket.receive.buffer.bytes = 102400
	socket.request.max.bytes = 104857600
	socket.send.buffer.bytes = 102400
	ssl.allow.dn.changes = false
	ssl.allow.san.changes = false
	ssl.cipher.suites = []
	ssl.client.auth = none
	ssl.enabled.protocols = [TLSv1.2, TLSv1.3]
	ssl.endpoint.identification.algorithm = https
	ssl.engine.factory.class = null
	ssl.key.password = null
	ssl.keymanager.algorithm = SunX509
	ssl.keystore.certificate.chain = null
	ssl.keystore.key = null
	ssl.keystore.location = null
	ssl.keystore.password = null
	ssl.keystore.type = JKS
	ssl.principal.mapping.rules = DEFAULT
	ssl.protocol = TLSv1.3
	ssl.provider = null
	ssl.secure.random.implementation = null
	ssl.trustmanager.algorithm = PKIX
	ssl.truststore.certificates = null
	ssl.truststore.location = null
	ssl.truststore.password = null
	ssl.truststore.type = JKS
	telemetry.max.bytes = 1048576
	transaction.abort.timed.out.transaction.cleanup.interval.ms = 10000
	transaction.max.timeout.ms = 900000
	transaction.partition.verification.enable = true
	transaction.remove.expired.transaction.cleanup.interval.ms = 3600000
	transaction.state.log.load.buffer.size = 5242880
	transaction.state.log.min.isr = 1
	transaction.state.log.num.partitions = 50
	transaction.state.log.replication.factor = 1
	transaction.state.log.segment.bytes = 104857600
	transaction.two.phase.commit.enable = false
	transactional.id.expiration.ms = 604800000
	unclean.leader.election.enable = false
	unclean.leader.election.interval.ms = 300000
	unstable.api.versions.enable = false
	unstable.feature.versions.enable = false
 (org.apache.kafka.common.config.AbstractConfig)
[2026-09-07 11:15:58,197] INFO [BrokerServer id=1] Waiting for controller quorum voters future (kafka.server.BrokerServer)
[2026-09-07 11:15:58,197] INFO [BrokerServer id=1] Finished waiting for controller quorum voters future (kafka.server.BrokerServer)
[2026-09-07 11:15:58,198] INFO [broker-1-to-controller-forwarding-channel-manager]: Starting (org.apache.kafka.server.NodeToControllerRequestThread)
[2026-09-07 11:15:58,198] INFO Recorded new KRaft controller, from now on will use node localhost:9093 (id: 1 rack: null isFenced: false) (org.apache.kafka.server.NodeToControllerRequestThread)
[2026-09-07 11:15:58,201] INFO [client-metrics-reaper]: Starting (org.apache.kafka.server.util.timer.SystemTimerReaper$Reaper)
[2026-09-07 11:15:58,213] INFO Updated connection-accept-rate max connection creation rate to 2147483647 (kafka.network.ConnectionQuotas)
[2026-09-07 11:15:58,215] INFO [SocketServer listenerType=BROKER, nodeId=1] Created data-plane acceptor and processors for endpoint : ListenerName(PLAINTEXT) (kafka.network.SocketServer)
[2026-09-07 11:15:58,217] INFO [broker-1-to-controller-alter-partition-channel-manager]: Starting (org.apache.kafka.server.NodeToControllerRequestThread)
[2026-09-07 11:15:58,217] INFO Recorded new KRaft controller, from now on will use node localhost:9093 (id: 1 rack: null isFenced: false) (org.apache.kafka.server.NodeToControllerRequestThread)
[2026-09-07 11:15:58,221] INFO [broker-1-to-controller-directory-assignments-channel-manager]: Starting (org.apache.kafka.server.NodeToControllerRequestThread)
[2026-09-07 11:15:58,221] INFO Recorded new KRaft controller, from now on will use node localhost:9093 (id: 1 rack: null isFenced: false) (org.apache.kafka.server.NodeToControllerRequestThread)
[2026-09-07 11:15:58,232] INFO [ExpirationReaper-1-Produce]: Starting (org.apache.kafka.server.purgatory.DelayedOperationPurgatory$ExpiredOperationReaper)
[2026-09-07 11:15:58,232] INFO [ExpirationReaper-1-Fetch]: Starting (org.apache.kafka.server.purgatory.DelayedOperationPurgatory$ExpiredOperationReaper)
[2026-09-07 11:15:58,233] INFO [ExpirationReaper-1-DeleteRecords]: Starting (org.apache.kafka.server.purgatory.DelayedOperationPurgatory$ExpiredOperationReaper)
[2026-09-07 11:15:58,233] INFO [ExpirationReaper-1-RemoteFetch]: Starting (org.apache.kafka.server.purgatory.DelayedOperationPurgatory$ExpiredOperationReaper)
[2026-09-07 11:15:58,233] INFO [ExpirationReaper-1-RemoteListOffsets]: Starting (org.apache.kafka.server.purgatory.DelayedOperationPurgatory$ExpiredOperationReaper)
[2026-09-07 11:15:58,233] INFO [ExpirationReaper-1-ShareFetch]: Starting (org.apache.kafka.server.purgatory.DelayedOperationPurgatory$ExpiredOperationReaper)
[2026-09-07 11:15:58,239] INFO [ControllerRegistrationManager id=1 incarnation=xJeZla75QqSBFhnkQYkz2Q] Our registration has been persisted to the metadata log. (kafka.server.ControllerRegistrationManager)
[2026-09-07 11:15:58,240] INFO [share-coordinator-reaper]: Starting (org.apache.kafka.server.util.timer.SystemTimerReaper$Reaper)
[2026-09-07 11:15:58,240] INFO [ControllerRegistrationManager id=1 incarnation=xJeZla75QqSBFhnkQYkz2Q] RegistrationResponseHandler: controller acknowledged ControllerRegistrationRequest. (kafka.server.ControllerRegistrationManager)
[2026-09-07 11:15:58,250] INFO [share-coordinator-event-processor-0]: Starting (org.apache.kafka.coordinator.common.runtime.MultiThreadedEventProcessor$EventProcessorThread)
[2026-09-07 11:15:58,254] INFO [persister-state-manager-reaper]: Starting (org.apache.kafka.server.util.timer.SystemTimerReaper$Reaper)
[2026-09-07 11:15:58,254] INFO [PersisterStateManager]: Starting (org.apache.kafka.server.share.persister.PersisterStateManager$SendThread)
[2026-09-07 11:15:58,255] INFO [network-partition-metadata-client-reaper]: Starting (org.apache.kafka.server.util.timer.SystemTimerReaper$Reaper)
[2026-09-07 11:15:58,255] INFO [group-coordinator-reaper]: Starting (org.apache.kafka.server.util.timer.SystemTimerReaper$Reaper)
[2026-09-07 11:15:58,264] INFO [group-coordinator-event-processor-0]: Starting (org.apache.kafka.coordinator.common.runtime.MultiThreadedEventProcessor$EventProcessorThread)
[2026-09-07 11:15:58,264] INFO [group-coordinator-event-processor-1]: Starting (org.apache.kafka.coordinator.common.runtime.MultiThreadedEventProcessor$EventProcessorThread)
[2026-09-07 11:15:58,264] INFO [group-coordinator-event-processor-3]: Starting (org.apache.kafka.coordinator.common.runtime.MultiThreadedEventProcessor$EventProcessorThread)
[2026-09-07 11:15:58,264] INFO [group-coordinator-event-processor-2]: Starting (org.apache.kafka.coordinator.common.runtime.MultiThreadedEventProcessor$EventProcessorThread)
[2026-09-07 11:15:58,290] INFO [broker-1-to-controller-heartbeat-channel-manager]: Starting (org.apache.kafka.server.NodeToControllerRequestThread)
[2026-09-07 11:15:58,290] INFO Recorded new KRaft controller, from now on will use node localhost:9093 (id: 1 rack: null isFenced: false) (org.apache.kafka.server.NodeToControllerRequestThread)
[2026-09-07 11:15:58,291] INFO [BrokerLifecycleManager id=1] Incarnation VAztzmIERx-LI3iYiEeEfw of broker 1 in cluster 8U0MUU1XQu6v8WpcseeGvw is now STARTING. (org.apache.kafka.server.BrokerLifecycleManager)
[2026-09-07 11:15:58,294] INFO [share-group-lock-timeout-reaper]: Starting (org.apache.kafka.server.util.timer.SystemTimerReaper$Reaper)
[2026-09-07 11:15:58,301] INFO [ExpirationReaper-1-AlterAcls]: Starting (org.apache.kafka.server.purgatory.DelayedOperationPurgatory$ExpiredOperationReaper)
[2026-09-07 11:15:58,309] INFO [BrokerServer id=1] Waiting for the broker metadata publishers to be installed (kafka.server.BrokerServer)
[2026-09-07 11:15:58,309] INFO [BrokerServer id=1] Finished waiting for the broker metadata publishers to be installed (kafka.server.BrokerServer)
[2026-09-07 11:15:58,309] INFO [BrokerServer id=1] Waiting for the controller to acknowledge that we are caught up (kafka.server.BrokerServer)
[2026-09-07 11:15:58,310] INFO [MetadataLoader id=1] InitializeNewPublishers: initializing MetadataVersionPublisher(id=1) with a snapshot at offset 149413 (org.apache.kafka.image.loader.MetadataLoader)
[2026-09-07 11:15:58,310] INFO [MetadataLoader id=1] InitializeNewPublishers: initializing BrokerMetadataPublisher with a snapshot at offset 149413 (org.apache.kafka.image.loader.MetadataLoader)
[2026-09-07 11:15:58,310] INFO [BrokerMetadataPublisher id=1] Publishing initial metadata at offset OffsetAndEpoch[offset=149413, epoch=2] with metadata.version Optional[4.3-IV0]. (kafka.server.metadata.BrokerMetadataPublisher)
[2026-09-07 11:15:58,311] INFO Loading logs from log dirs ArrayBuffer(/tmp/kraft-combined-logs) (kafka.log.LogManager)
[2026-09-07 11:15:58,315] INFO Skipping recovery of 51 logs from /tmp/kraft-combined-logs since clean shutdown file was found (kafka.log.LogManager)
[2026-09-07 11:15:58,321] INFO [LogLoader partition=__consumer_offsets-9, dir=/tmp/kraft-combined-logs] Loading producer state till offset 0 (org.apache.kafka.storage.internals.log.UnifiedLog)
[2026-09-07 11:15:58,321] INFO [LogLoader partition=__consumer_offsets-0, dir=/tmp/kraft-combined-logs] Loading producer state till offset 0 (org.apache.kafka.storage.internals.log.UnifiedLog)
[2026-09-07 11:15:58,326] INFO Completed load of Log(dir=/tmp/kraft-combined-logs/__consumer_offsets-9, topicId=Sp3H0ukRT76JpdUw25tpZw, topic=__consumer_offsets, partition=9, highWatermark=0, lastStableOffset=0, logStartOffset=0, logEndOffset=0) with 1 segments, local-log-start-offset 0 and log-end-offset 0 in 7ms (1/51 completed in /tmp/kraft-combined-logs) (kafka.log.LogManager)
[2026-09-07 11:15:58,326] INFO Completed load of Log(dir=/tmp/kraft-combined-logs/__consumer_offsets-0, topicId=Sp3H0ukRT76JpdUw25tpZw, topic=__consumer_offsets, partition=0, highWatermark=0, lastStableOffset=0, logStartOffset=0, logEndOffset=0) with 1 segments, local-log-start-offset 0 and log-end-offset 0 in 7ms (2/51 completed in /tmp/kraft-combined-logs) (kafka.log.LogManager)
[2026-09-07 11:15:58,331] INFO [BrokerLifecycleManager id=1] Successfully registered broker 1 with broker epoch 149414 (org.apache.kafka.server.BrokerLifecycleManager)
[2026-09-07 11:15:58,337] INFO [LogLoader partition=__consumer_offsets-31, dir=/tmp/kraft-combined-logs] Loading producer state till offset 0 (org.apache.kafka.storage.internals.log.UnifiedLog)
[2026-09-07 11:15:58,337] INFO [LogLoader partition=__consumer_offsets-7, dir=/tmp/kraft-combined-logs] Loading producer state till offset 0 (org.apache.kafka.storage.internals.log.UnifiedLog)
[2026-09-07 11:15:58,338] INFO Completed load of Log(dir=/tmp/kraft-combined-logs/__consumer_offsets-7, topicId=Sp3H0ukRT76JpdUw25tpZw, topic=__consumer_offsets, partition=7, highWatermark=0, lastStableOffset=0, logStartOffset=0, logEndOffset=0) with 1 segments, local-log-start-offset 0 and log-end-offset 0 in 9ms (3/51 completed in /tmp/kraft-combined-logs) (kafka.log.LogManager)
[2026-09-07 11:15:58,338] INFO Completed load of Log(dir=/tmp/kraft-combined-logs/__consumer_offsets-31, topicId=Sp3H0ukRT76JpdUw25tpZw, topic=__consumer_offsets, partition=31, highWatermark=0, lastStableOffset=0, logStartOffset=0, logEndOffset=0) with 1 segments, local-log-start-offset 0 and log-end-offset 0 in 9ms (4/51 completed in /tmp/kraft-combined-logs) (kafka.log.LogManager)
[2026-09-07 11:15:58,348] INFO [LogLoader partition=__consumer_offsets-36, dir=/tmp/kraft-combined-logs] Loading producer state till offset 0 (org.apache.kafka.storage.internals.log.UnifiedLog)
[2026-09-07 11:15:58,348] INFO [LogLoader partition=__consumer_offsets-38, dir=/tmp/kraft-combined-logs] Loading producer state till offset 0 (org.apache.kafka.storage.internals.log.UnifiedLog)
[2026-09-07 11:15:58,349] INFO Completed load of Log(dir=/tmp/kraft-combined-logs/__consumer_offsets-36, topicId=Sp3H0ukRT76JpdUw25tpZw, topic=__consumer_offsets, partition=36, highWatermark=0, lastStableOffset=0, logStartOffset=0, logEndOffset=0) with 1 segments, local-log-start-offset 0 and log-end-offset 0 in 7ms (5/51 completed in /tmp/kraft-combined-logs) (kafka.log.LogManager)
[2026-09-07 11:15:58,349] INFO Completed load of Log(dir=/tmp/kraft-combined-logs/__consumer_offsets-38, topicId=Sp3H0ukRT76JpdUw25tpZw, topic=__consumer_offsets, partition=38, highWatermark=0, lastStableOffset=0, logStartOffset=0, logEndOffset=0) with 1 segments, local-log-start-offset 0 and log-end-offset 0 in 7ms (6/51 completed in /tmp/kraft-combined-logs) (kafka.log.LogManager)
[2026-09-07 11:15:58,359] INFO [LogLoader partition=__consumer_offsets-6, dir=/tmp/kraft-combined-logs] Loading producer state till offset 0 (org.apache.kafka.storage.internals.log.UnifiedLog)
[2026-09-07 11:15:58,359] INFO [LogLoader partition=__consumer_offsets-1, dir=/tmp/kraft-combined-logs] Loading producer state till offset 0 (org.apache.kafka.storage.internals.log.UnifiedLog)
[2026-09-07 11:15:58,360] INFO Completed load of Log(dir=/tmp/kraft-combined-logs/__consumer_offsets-6, topicId=Sp3H0ukRT76JpdUw25tpZw, topic=__consumer_offsets, partition=6, highWatermark=0, lastStableOffset=0, logStartOffset=0, logEndOffset=0) with 1 segments, local-log-start-offset 0 and log-end-offset 0 in 5ms (8/51 completed in /tmp/kraft-combined-logs) (kafka.log.LogManager)
[2026-09-07 11:15:58,360] INFO Completed load of Log(dir=/tmp/kraft-combined-logs/__consumer_offsets-1, topicId=Sp3H0ukRT76JpdUw25tpZw, topic=__consumer_offsets, partition=1, highWatermark=0, lastStableOffset=0, logStartOffset=0, logEndOffset=0) with 1 segments, local-log-start-offset 0 and log-end-offset 0 in 5ms (7/51 completed in /tmp/kraft-combined-logs) (kafka.log.LogManager)
[2026-09-07 11:15:58,374] INFO [LogLoader partition=__consumer_offsets-39, dir=/tmp/kraft-combined-logs] Loading producer state till offset 0 (org.apache.kafka.storage.internals.log.UnifiedLog)
[2026-09-07 11:15:58,374] INFO [LogLoader partition=__consumer_offsets-8, dir=/tmp/kraft-combined-logs] Loading producer state till offset 0 (org.apache.kafka.storage.internals.log.UnifiedLog)
[2026-09-07 11:15:58,374] INFO Completed load of Log(dir=/tmp/kraft-combined-logs/__consumer_offsets-8, topicId=Sp3H0ukRT76JpdUw25tpZw, topic=__consumer_offsets, partition=8, highWatermark=0, lastStableOffset=0, logStartOffset=0, logEndOffset=0) with 1 segments, local-log-start-offset 0 and log-end-offset 0 in 9ms (9/51 completed in /tmp/kraft-combined-logs) (kafka.log.LogManager)
[2026-09-07 11:15:58,374] INFO Completed load of Log(dir=/tmp/kraft-combined-logs/__consumer_offsets-39, topicId=Sp3H0ukRT76JpdUw25tpZw, topic=__consumer_offsets, partition=39, highWatermark=0, lastStableOffset=0, logStartOffset=0, logEndOffset=0) with 1 segments, local-log-start-offset 0 and log-end-offset 0 in 9ms (10/51 completed in /tmp/kraft-combined-logs) (kafka.log.LogManager)
[2026-09-07 11:15:58,389] INFO [LogLoader partition=__consumer_offsets-30, dir=/tmp/kraft-combined-logs] Loading producer state till offset 0 (org.apache.kafka.storage.internals.log.UnifiedLog)
[2026-09-07 11:15:58,389] INFO [LogLoader partition=__consumer_offsets-37, dir=/tmp/kraft-combined-logs] Loading producer state till offset 0 (org.apache.kafka.storage.internals.log.UnifiedLog)
[2026-09-07 11:15:58,389] INFO Completed load of Log(dir=/tmp/kraft-combined-logs/__consumer_offsets-30, topicId=Sp3H0ukRT76JpdUw25tpZw, topic=__consumer_offsets, partition=30, highWatermark=0, lastStableOffset=0, logStartOffset=0, logEndOffset=0) with 1 segments, local-log-start-offset 0 and log-end-offset 0 in 8ms (11/51 completed in /tmp/kraft-combined-logs) (kafka.log.LogManager)
[2026-09-07 11:15:58,390] INFO Completed load of Log(dir=/tmp/kraft-combined-logs/__consumer_offsets-37, topicId=Sp3H0ukRT76JpdUw25tpZw, topic=__consumer_offsets, partition=37, highWatermark=0, lastStableOffset=0, logStartOffset=0, logEndOffset=0) with 1 segments, local-log-start-offset 0 and log-end-offset 0 in 8ms (12/51 completed in /tmp/kraft-combined-logs) (kafka.log.LogManager)
[2026-09-07 11:15:58,400] INFO [LogLoader partition=transfer-completed-0, dir=/tmp/kraft-combined-logs] Loading producer state till offset 628 (org.apache.kafka.storage.internals.log.UnifiedLog)
[2026-09-07 11:15:58,400] INFO [LogLoader partition=__consumer_offsets-12, dir=/tmp/kraft-combined-logs] Loading producer state till offset 0 (org.apache.kafka.storage.internals.log.UnifiedLog)
[2026-09-07 11:15:58,400] INFO [LogLoader partition=transfer-completed-0, dir=/tmp/kraft-combined-logs] Reloading from producer snapshot and rebuilding producer state from offset 628 (org.apache.kafka.storage.internals.log.UnifiedLog)
[2026-09-07 11:15:58,400] INFO [ProducerStateManager partition=transfer-completed-0] Loading producer state from snapshot file 'SnapshotFile(offset=628, file=/tmp/kraft-combined-logs/transfer-completed-0/00000000000000000628.snapshot)' (org.apache.kafka.storage.internals.log.ProducerStateManager)
[2026-09-07 11:15:58,401] INFO Completed load of Log(dir=/tmp/kraft-combined-logs/__consumer_offsets-12, topicId=Sp3H0ukRT76JpdUw25tpZw, topic=__consumer_offsets, partition=12, highWatermark=0, lastStableOffset=0, logStartOffset=0, logEndOffset=0) with 1 segments, local-log-start-offset 0 and log-end-offset 0 in 6ms (13/51 completed in /tmp/kraft-combined-logs) (kafka.log.LogManager)
[2026-09-07 11:15:58,401] INFO [LogLoader partition=transfer-completed-0, dir=/tmp/kraft-combined-logs] Producer state recovery took 1ms for snapshot load and 0ms for segment recovery from offset 628 (org.apache.kafka.storage.internals.log.UnifiedLog)
[2026-09-07 11:15:58,402] INFO Completed load of Log(dir=/tmp/kraft-combined-logs/transfer-completed-0, topicId=vA_dJ3-pS4eos4EexI5Y1g, topic=transfer-completed, partition=0, highWatermark=0, lastStableOffset=0, logStartOffset=0, logEndOffset=628) with 1 segments, local-log-start-offset 0 and log-end-offset 628 in 7ms (14/51 completed in /tmp/kraft-combined-logs) (kafka.log.LogManager)
[2026-09-07 11:15:58,407] INFO [LogLoader partition=__consumer_offsets-15, dir=/tmp/kraft-combined-logs] Loading producer state till offset 0 (org.apache.kafka.storage.internals.log.UnifiedLog)
[2026-09-07 11:15:58,412] INFO [LogLoader partition=__consumer_offsets-23, dir=/tmp/kraft-combined-logs] Loading producer state till offset 0 (org.apache.kafka.storage.internals.log.UnifiedLog)
[2026-09-07 11:15:58,412] INFO Completed load of Log(dir=/tmp/kraft-combined-logs/__consumer_offsets-15, topicId=Sp3H0ukRT76JpdUw25tpZw, topic=__consumer_offsets, partition=15, highWatermark=0, lastStableOffset=0, logStartOffset=0, logEndOffset=0) with 1 segments, local-log-start-offset 0 and log-end-offset 0 in 10ms (15/51 completed in /tmp/kraft-combined-logs) (kafka.log.LogManager)
[2026-09-07 11:15:58,413] INFO Completed load of Log(dir=/tmp/kraft-combined-logs/__consumer_offsets-23, topicId=Sp3H0ukRT76JpdUw25tpZw, topic=__consumer_offsets, partition=23, highWatermark=0, lastStableOffset=0, logStartOffset=0, logEndOffset=0) with 1 segments, local-log-start-offset 0 and log-end-offset 0 in 6ms (16/51 completed in /tmp/kraft-combined-logs) (kafka.log.LogManager)
[2026-09-07 11:15:58,417] INFO [LogLoader partition=__consumer_offsets-24, dir=/tmp/kraft-combined-logs] Loading producer state till offset 0 (org.apache.kafka.storage.internals.log.UnifiedLog)
[2026-09-07 11:15:58,418] INFO Completed load of Log(dir=/tmp/kraft-combined-logs/__consumer_offsets-24, topicId=Sp3H0ukRT76JpdUw25tpZw, topic=__consumer_offsets, partition=24, highWatermark=0, lastStableOffset=0, logStartOffset=0, logEndOffset=0) with 1 segments, local-log-start-offset 0 and log-end-offset 0 in 6ms (17/51 completed in /tmp/kraft-combined-logs) (kafka.log.LogManager)
[2026-09-07 11:15:58,427] INFO [LogLoader partition=__consumer_offsets-48, dir=/tmp/kraft-combined-logs] Loading producer state till offset 0 (org.apache.kafka.storage.internals.log.UnifiedLog)
[2026-09-07 11:15:58,427] INFO [LogLoader partition=__consumer_offsets-41, dir=/tmp/kraft-combined-logs] Loading producer state till offset 0 (org.apache.kafka.storage.internals.log.UnifiedLog)
[2026-09-07 11:15:58,427] INFO Completed load of Log(dir=/tmp/kraft-combined-logs/__consumer_offsets-48, topicId=Sp3H0ukRT76JpdUw25tpZw, topic=__consumer_offsets, partition=48, highWatermark=0, lastStableOffset=0, logStartOffset=0, logEndOffset=0) with 1 segments, local-log-start-offset 0 and log-end-offset 0 in 11ms (19/51 completed in /tmp/kraft-combined-logs) (kafka.log.LogManager)
[2026-09-07 11:15:58,427] INFO Completed load of Log(dir=/tmp/kraft-combined-logs/__consumer_offsets-41, topicId=Sp3H0ukRT76JpdUw25tpZw, topic=__consumer_offsets, partition=41, highWatermark=0, lastStableOffset=0, logStartOffset=0, logEndOffset=0) with 1 segments, local-log-start-offset 0 and log-end-offset 0 in 6ms (18/51 completed in /tmp/kraft-combined-logs) (kafka.log.LogManager)
[2026-09-07 11:15:58,439] INFO [LogLoader partition=__consumer_offsets-25, dir=/tmp/kraft-combined-logs] Loading producer state till offset 0 (org.apache.kafka.storage.internals.log.UnifiedLog)
[2026-09-07 11:15:58,439] INFO [LogLoader partition=__consumer_offsets-46, dir=/tmp/kraft-combined-logs] Loading producer state till offset 0 (org.apache.kafka.storage.internals.log.UnifiedLog)
[2026-09-07 11:15:58,440] INFO Completed load of Log(dir=/tmp/kraft-combined-logs/__consumer_offsets-25, topicId=Sp3H0ukRT76JpdUw25tpZw, topic=__consumer_offsets, partition=25, highWatermark=0, lastStableOffset=0, logStartOffset=0, logEndOffset=0) with 1 segments, local-log-start-offset 0 and log-end-offset 0 in 12ms (21/51 completed in /tmp/kraft-combined-logs) (kafka.log.LogManager)
[2026-09-07 11:15:58,440] INFO Completed load of Log(dir=/tmp/kraft-combined-logs/__consumer_offsets-46, topicId=Sp3H0ukRT76JpdUw25tpZw, topic=__consumer_offsets, partition=46, highWatermark=0, lastStableOffset=0, logStartOffset=0, logEndOffset=0) with 1 segments, local-log-start-offset 0 and log-end-offset 0 in 12ms (20/51 completed in /tmp/kraft-combined-logs) (kafka.log.LogManager)
[2026-09-07 11:15:58,451] INFO [LogLoader partition=__consumer_offsets-22, dir=/tmp/kraft-combined-logs] Loading producer state till offset 0 (org.apache.kafka.storage.internals.log.UnifiedLog)
[2026-09-07 11:15:58,451] INFO [LogLoader partition=__consumer_offsets-14, dir=/tmp/kraft-combined-logs] Loading producer state till offset 0 (org.apache.kafka.storage.internals.log.UnifiedLog)
[2026-09-07 11:15:58,452] INFO Completed load of Log(dir=/tmp/kraft-combined-logs/__consumer_offsets-22, topicId=Sp3H0ukRT76JpdUw25tpZw, topic=__consumer_offsets, partition=22, highWatermark=0, lastStableOffset=0, logStartOffset=0, logEndOffset=0) with 1 segments, local-log-start-offset 0 and log-end-offset 0 in 11ms (22/51 completed in /tmp/kraft-combined-logs) (kafka.log.LogManager)
[2026-09-07 11:15:58,452] INFO Completed load of Log(dir=/tmp/kraft-combined-logs/__consumer_offsets-14, topicId=Sp3H0ukRT76JpdUw25tpZw, topic=__consumer_offsets, partition=14, highWatermark=0, lastStableOffset=0, logStartOffset=0, logEndOffset=0) with 1 segments, local-log-start-offset 0 and log-end-offset 0 in 6ms (23/51 completed in /tmp/kraft-combined-logs) (kafka.log.LogManager)
[2026-09-07 11:15:58,462] INFO [LogLoader partition=__consumer_offsets-13, dir=/tmp/kraft-combined-logs] Loading producer state till offset 0 (org.apache.kafka.storage.internals.log.UnifiedLog)
[2026-09-07 11:15:58,463] INFO [LogLoader partition=__consumer_offsets-47, dir=/tmp/kraft-combined-logs] Loading producer state till offset 387 (org.apache.kafka.storage.internals.log.UnifiedLog)
[2026-09-07 11:15:58,463] INFO [LogLoader partition=__consumer_offsets-47, dir=/tmp/kraft-combined-logs] Reloading from producer snapshot and rebuilding producer state from offset 387 (org.apache.kafka.storage.internals.log.UnifiedLog)
[2026-09-07 11:15:58,463] INFO [ProducerStateManager partition=__consumer_offsets-47] Loading producer state from snapshot file 'SnapshotFile(offset=387, file=/tmp/kraft-combined-logs/__consumer_offsets-47/00000000000000000387.snapshot)' (org.apache.kafka.storage.internals.log.ProducerStateManager)
[2026-09-07 11:15:58,463] INFO Completed load of Log(dir=/tmp/kraft-combined-logs/__consumer_offsets-13, topicId=Sp3H0ukRT76JpdUw25tpZw, topic=__consumer_offsets, partition=13, highWatermark=0, lastStableOffset=0, logStartOffset=0, logEndOffset=0) with 1 segments, local-log-start-offset 0 and log-end-offset 0 in 11ms (24/51 completed in /tmp/kraft-combined-logs) (kafka.log.LogManager)
[2026-09-07 11:15:58,463] INFO [LogLoader partition=__consumer_offsets-47, dir=/tmp/kraft-combined-logs] Producer state recovery took 0ms for snapshot load and 0ms for segment recovery from offset 387 (org.apache.kafka.storage.internals.log.UnifiedLog)
[2026-09-07 11:15:58,464] INFO Completed load of Log(dir=/tmp/kraft-combined-logs/__consumer_offsets-47, topicId=Sp3H0ukRT76JpdUw25tpZw, topic=__consumer_offsets, partition=47, highWatermark=0, lastStableOffset=0, logStartOffset=0, logEndOffset=387) with 1 segments, local-log-start-offset 0 and log-end-offset 387 in 7ms (25/51 completed in /tmp/kraft-combined-logs) (kafka.log.LogManager)
[2026-09-07 11:15:58,473] INFO [LogLoader partition=__consumer_offsets-40, dir=/tmp/kraft-combined-logs] Loading producer state till offset 0 (org.apache.kafka.storage.internals.log.UnifiedLog)
[2026-09-07 11:15:58,474] INFO [LogLoader partition=__consumer_offsets-49, dir=/tmp/kraft-combined-logs] Loading producer state till offset 0 (org.apache.kafka.storage.internals.log.UnifiedLog)
[2026-09-07 11:15:58,474] INFO Completed load of Log(dir=/tmp/kraft-combined-logs/__consumer_offsets-40, topicId=Sp3H0ukRT76JpdUw25tpZw, topic=__consumer_offsets, partition=40, highWatermark=0, lastStableOffset=0, logStartOffset=0, logEndOffset=0) with 1 segments, local-log-start-offset 0 and log-end-offset 0 in 11ms (26/51 completed in /tmp/kraft-combined-logs) (kafka.log.LogManager)
[2026-09-07 11:15:58,474] INFO Completed load of Log(dir=/tmp/kraft-combined-logs/__consumer_offsets-49, topicId=Sp3H0ukRT76JpdUw25tpZw, topic=__consumer_offsets, partition=49, highWatermark=0, lastStableOffset=0, logStartOffset=0, logEndOffset=0) with 1 segments, local-log-start-offset 0 and log-end-offset 0 in 6ms (27/51 completed in /tmp/kraft-combined-logs) (kafka.log.LogManager)
[2026-09-07 11:15:58,485] INFO [LogLoader partition=__consumer_offsets-35, dir=/tmp/kraft-combined-logs] Loading producer state till offset 0 (org.apache.kafka.storage.internals.log.UnifiedLog)
[2026-09-07 11:15:58,485] INFO [LogLoader partition=__consumer_offsets-32, dir=/tmp/kraft-combined-logs] Loading producer state till offset 0 (org.apache.kafka.storage.internals.log.UnifiedLog)
[2026-09-07 11:15:58,485] INFO Completed load of Log(dir=/tmp/kraft-combined-logs/__consumer_offsets-35, topicId=Sp3H0ukRT76JpdUw25tpZw, topic=__consumer_offsets, partition=35, highWatermark=0, lastStableOffset=0, logStartOffset=0, logEndOffset=0) with 1 segments, local-log-start-offset 0 and log-end-offset 0 in 11ms (28/51 completed in /tmp/kraft-combined-logs) (kafka.log.LogManager)
[2026-09-07 11:15:58,486] INFO Completed load of Log(dir=/tmp/kraft-combined-logs/__consumer_offsets-32, topicId=Sp3H0ukRT76JpdUw25tpZw, topic=__consumer_offsets, partition=32, highWatermark=0, lastStableOffset=0, logStartOffset=0, logEndOffset=0) with 1 segments, local-log-start-offset 0 and log-end-offset 0 in 11ms (29/51 completed in /tmp/kraft-combined-logs) (kafka.log.LogManager)
[2026-09-07 11:15:58,491] INFO [LogLoader partition=__consumer_offsets-3, dir=/tmp/kraft-combined-logs] Loading producer state till offset 0 (org.apache.kafka.storage.internals.log.UnifiedLog)
[2026-09-07 11:15:58,491] INFO [LogLoader partition=__consumer_offsets-4, dir=/tmp/kraft-combined-logs] Loading producer state till offset 0 (org.apache.kafka.storage.internals.log.UnifiedLog)
[2026-09-07 11:15:58,492] INFO Completed load of Log(dir=/tmp/kraft-combined-logs/__consumer_offsets-3, topicId=Sp3H0ukRT76JpdUw25tpZw, topic=__consumer_offsets, partition=3, highWatermark=0, lastStableOffset=0, logStartOffset=0, logEndOffset=0) with 1 segments, local-log-start-offset 0 and log-end-offset 0 in 6ms (30/51 completed in /tmp/kraft-combined-logs) (kafka.log.LogManager)
[2026-09-07 11:15:58,492] INFO Completed load of Log(dir=/tmp/kraft-combined-logs/__consumer_offsets-4, topicId=Sp3H0ukRT76JpdUw25tpZw, topic=__consumer_offsets, partition=4, highWatermark=0, lastStableOffset=0, logStartOffset=0, logEndOffset=0) with 1 segments, local-log-start-offset 0 and log-end-offset 0 in 6ms (31/51 completed in /tmp/kraft-combined-logs) (kafka.log.LogManager)
[2026-09-07 11:15:58,496] INFO [LogLoader partition=__consumer_offsets-33, dir=/tmp/kraft-combined-logs] Loading producer state till offset 0 (org.apache.kafka.storage.internals.log.UnifiedLog)
[2026-09-07 11:15:58,497] INFO [LogLoader partition=__consumer_offsets-34, dir=/tmp/kraft-combined-logs] Loading producer state till offset 0 (org.apache.kafka.storage.internals.log.UnifiedLog)
[2026-09-07 11:15:58,497] INFO Completed load of Log(dir=/tmp/kraft-combined-logs/__consumer_offsets-33, topicId=Sp3H0ukRT76JpdUw25tpZw, topic=__consumer_offsets, partition=33, highWatermark=0, lastStableOffset=0, logStartOffset=0, logEndOffset=0) with 1 segments, local-log-start-offset 0 and log-end-offset 0 in 5ms (32/51 completed in /tmp/kraft-combined-logs) (kafka.log.LogManager)
[2026-09-07 11:15:58,502] INFO Completed load of Log(dir=/tmp/kraft-combined-logs/__consumer_offsets-34, topicId=Sp3H0ukRT76JpdUw25tpZw, topic=__consumer_offsets, partition=34, highWatermark=0, lastStableOffset=0, logStartOffset=0, logEndOffset=0) with 1 segments, local-log-start-offset 0 and log-end-offset 0 in 10ms (33/51 completed in /tmp/kraft-combined-logs) (kafka.log.LogManager)
[2026-09-07 11:15:58,508] INFO [LogLoader partition=__consumer_offsets-5, dir=/tmp/kraft-combined-logs] Loading producer state till offset 0 (org.apache.kafka.storage.internals.log.UnifiedLog)
[2026-09-07 11:15:58,508] INFO [LogLoader partition=__consumer_offsets-2, dir=/tmp/kraft-combined-logs] Loading producer state till offset 0 (org.apache.kafka.storage.internals.log.UnifiedLog)
[2026-09-07 11:15:58,508] INFO Completed load of Log(dir=/tmp/kraft-combined-logs/__consumer_offsets-5, topicId=Sp3H0ukRT76JpdUw25tpZw, topic=__consumer_offsets, partition=5, highWatermark=0, lastStableOffset=0, logStartOffset=0, logEndOffset=0) with 1 segments, local-log-start-offset 0 and log-end-offset 0 in 7ms (34/51 completed in /tmp/kraft-combined-logs) (kafka.log.LogManager)
[2026-09-07 11:15:58,508] INFO Completed load of Log(dir=/tmp/kraft-combined-logs/__consumer_offsets-2, topicId=Sp3H0ukRT76JpdUw25tpZw, topic=__consumer_offsets, partition=2, highWatermark=0, lastStableOffset=0, logStartOffset=0, logEndOffset=0) with 1 segments, local-log-start-offset 0 and log-end-offset 0 in 8ms (35/51 completed in /tmp/kraft-combined-logs) (kafka.log.LogManager)
[2026-09-07 11:15:58,519] INFO [LogLoader partition=__consumer_offsets-42, dir=/tmp/kraft-combined-logs] Loading producer state till offset 0 (org.apache.kafka.storage.internals.log.UnifiedLog)
[2026-09-07 11:15:58,519] INFO [LogLoader partition=__consumer_offsets-45, dir=/tmp/kraft-combined-logs] Loading producer state till offset 0 (org.apache.kafka.storage.internals.log.UnifiedLog)
[2026-09-07 11:15:58,519] INFO Completed load of Log(dir=/tmp/kraft-combined-logs/__consumer_offsets-42, topicId=Sp3H0ukRT76JpdUw25tpZw, topic=__consumer_offsets, partition=42, highWatermark=0, lastStableOffset=0, logStartOffset=0, logEndOffset=0) with 1 segments, local-log-start-offset 0 and log-end-offset 0 in 5ms (36/51 completed in /tmp/kraft-combined-logs) (kafka.log.LogManager)
[2026-09-07 11:15:58,519] INFO Completed load of Log(dir=/tmp/kraft-combined-logs/__consumer_offsets-45, topicId=Sp3H0ukRT76JpdUw25tpZw, topic=__consumer_offsets, partition=45, highWatermark=0, lastStableOffset=0, logStartOffset=0, logEndOffset=0) with 1 segments, local-log-start-offset 0 and log-end-offset 0 in 5ms (37/51 completed in /tmp/kraft-combined-logs) (kafka.log.LogManager)
[2026-09-07 11:15:58,525] INFO [LogLoader partition=__consumer_offsets-16, dir=/tmp/kraft-combined-logs] Loading producer state till offset 0 (org.apache.kafka.storage.internals.log.UnifiedLog)
[2026-09-07 11:15:58,525] INFO [LogLoader partition=__consumer_offsets-29, dir=/tmp/kraft-combined-logs] Loading producer state till offset 0 (org.apache.kafka.storage.internals.log.UnifiedLog)
[2026-09-07 11:15:58,530] INFO Completed load of Log(dir=/tmp/kraft-combined-logs/__consumer_offsets-29, topicId=Sp3H0ukRT76JpdUw25tpZw, topic=__consumer_offsets, partition=29, highWatermark=0, lastStableOffset=0, logStartOffset=0, logEndOffset=0) with 1 segments, local-log-start-offset 0 and log-end-offset 0 in 10ms (39/51 completed in /tmp/kraft-combined-logs) (kafka.log.LogManager)
[2026-09-07 11:15:58,530] INFO Completed load of Log(dir=/tmp/kraft-combined-logs/__consumer_offsets-16, topicId=Sp3H0ukRT76JpdUw25tpZw, topic=__consumer_offsets, partition=16, highWatermark=0, lastStableOffset=0, logStartOffset=0, logEndOffset=0) with 1 segments, local-log-start-offset 0 and log-end-offset 0 in 10ms (38/51 completed in /tmp/kraft-combined-logs) (kafka.log.LogManager)
[2026-09-07 11:15:58,541] INFO [LogLoader partition=__consumer_offsets-18, dir=/tmp/kraft-combined-logs] Loading producer state till offset 0 (org.apache.kafka.storage.internals.log.UnifiedLog)
[2026-09-07 11:15:58,541] INFO [LogLoader partition=__consumer_offsets-11, dir=/tmp/kraft-combined-logs] Loading producer state till offset 0 (org.apache.kafka.storage.internals.log.UnifiedLog)
[2026-09-07 11:15:58,542] INFO Completed load of Log(dir=/tmp/kraft-combined-logs/__consumer_offsets-18, topicId=Sp3H0ukRT76JpdUw25tpZw, topic=__consumer_offsets, partition=18, highWatermark=0, lastStableOffset=0, logStartOffset=0, logEndOffset=0) with 1 segments, local-log-start-offset 0 and log-end-offset 0 in 5ms (40/51 completed in /tmp/kraft-combined-logs) (kafka.log.LogManager)
[2026-09-07 11:15:58,542] INFO Completed load of Log(dir=/tmp/kraft-combined-logs/__consumer_offsets-11, topicId=Sp3H0ukRT76JpdUw25tpZw, topic=__consumer_offsets, partition=11, highWatermark=0, lastStableOffset=0, logStartOffset=0, logEndOffset=0) with 1 segments, local-log-start-offset 0 and log-end-offset 0 in 5ms (41/51 completed in /tmp/kraft-combined-logs) (kafka.log.LogManager)
[2026-09-07 11:15:58,547] INFO [LogLoader partition=__consumer_offsets-27, dir=/tmp/kraft-combined-logs] Loading producer state till offset 0 (org.apache.kafka.storage.internals.log.UnifiedLog)
[2026-09-07 11:15:58,547] INFO [LogLoader partition=__consumer_offsets-20, dir=/tmp/kraft-combined-logs] Loading producer state till offset 0 (org.apache.kafka.storage.internals.log.UnifiedLog)
[2026-09-07 11:15:58,548] INFO Completed load of Log(dir=/tmp/kraft-combined-logs/__consumer_offsets-20, topicId=Sp3H0ukRT76JpdUw25tpZw, topic=__consumer_offsets, partition=20, highWatermark=0, lastStableOffset=0, logStartOffset=0, logEndOffset=0) with 1 segments, local-log-start-offset 0 and log-end-offset 0 in 6ms (43/51 completed in /tmp/kraft-combined-logs) (kafka.log.LogManager)
[2026-09-07 11:15:58,547] INFO Completed load of Log(dir=/tmp/kraft-combined-logs/__consumer_offsets-27, topicId=Sp3H0ukRT76JpdUw25tpZw, topic=__consumer_offsets, partition=27, highWatermark=0, lastStableOffset=0, logStartOffset=0, logEndOffset=0) with 1 segments, local-log-start-offset 0 and log-end-offset 0 in 6ms (42/51 completed in /tmp/kraft-combined-logs) (kafka.log.LogManager)
[2026-09-07 11:15:58,558] INFO [LogLoader partition=__consumer_offsets-43, dir=/tmp/kraft-combined-logs] Loading producer state till offset 0 (org.apache.kafka.storage.internals.log.UnifiedLog)
[2026-09-07 11:15:58,558] INFO [LogLoader partition=__consumer_offsets-44, dir=/tmp/kraft-combined-logs] Loading producer state till offset 0 (org.apache.kafka.storage.internals.log.UnifiedLog)
[2026-09-07 11:15:58,559] INFO Completed load of Log(dir=/tmp/kraft-combined-logs/__consumer_offsets-43, topicId=Sp3H0ukRT76JpdUw25tpZw, topic=__consumer_offsets, partition=43, highWatermark=0, lastStableOffset=0, logStartOffset=0, logEndOffset=0) with 1 segments, local-log-start-offset 0 and log-end-offset 0 in 6ms (44/51 completed in /tmp/kraft-combined-logs) (kafka.log.LogManager)
[2026-09-07 11:15:58,559] INFO Completed load of Log(dir=/tmp/kraft-combined-logs/__consumer_offsets-44, topicId=Sp3H0ukRT76JpdUw25tpZw, topic=__consumer_offsets, partition=44, highWatermark=0, lastStableOffset=0, logStartOffset=0, logEndOffset=0) with 1 segments, local-log-start-offset 0 and log-end-offset 0 in 6ms (45/51 completed in /tmp/kraft-combined-logs) (kafka.log.LogManager)
[2026-09-07 11:15:58,566] INFO [LogLoader partition=__consumer_offsets-21, dir=/tmp/kraft-combined-logs] Loading producer state till offset 0 (org.apache.kafka.storage.internals.log.UnifiedLog)
[2026-09-07 11:15:58,566] INFO [LogLoader partition=__consumer_offsets-19, dir=/tmp/kraft-combined-logs] Loading producer state till offset 0 (org.apache.kafka.storage.internals.log.UnifiedLog)
[2026-09-07 11:15:58,566] INFO Completed load of Log(dir=/tmp/kraft-combined-logs/__consumer_offsets-19, topicId=Sp3H0ukRT76JpdUw25tpZw, topic=__consumer_offsets, partition=19, highWatermark=0, lastStableOffset=0, logStartOffset=0, logEndOffset=0) with 1 segments, local-log-start-offset 0 and log-end-offset 0 in 8ms (47/51 completed in /tmp/kraft-combined-logs) (kafka.log.LogManager)
[2026-09-07 11:15:58,566] INFO Completed load of Log(dir=/tmp/kraft-combined-logs/__consumer_offsets-21, topicId=Sp3H0ukRT76JpdUw25tpZw, topic=__consumer_offsets, partition=21, highWatermark=0, lastStableOffset=0, logStartOffset=0, logEndOffset=0) with 1 segments, local-log-start-offset 0 and log-end-offset 0 in 8ms (46/51 completed in /tmp/kraft-combined-logs) (kafka.log.LogManager)
[2026-09-07 11:15:58,577] INFO [LogLoader partition=__consumer_offsets-26, dir=/tmp/kraft-combined-logs] Loading producer state till offset 0 (org.apache.kafka.storage.internals.log.UnifiedLog)
[2026-09-07 11:15:58,577] INFO [LogLoader partition=__consumer_offsets-10, dir=/tmp/kraft-combined-logs] Loading producer state till offset 0 (org.apache.kafka.storage.internals.log.UnifiedLog)
[2026-09-07 11:15:58,577] INFO Completed load of Log(dir=/tmp/kraft-combined-logs/__consumer_offsets-26, topicId=Sp3H0ukRT76JpdUw25tpZw, topic=__consumer_offsets, partition=26, highWatermark=0, lastStableOffset=0, logStartOffset=0, logEndOffset=0) with 1 segments, local-log-start-offset 0 and log-end-offset 0 in 6ms (49/51 completed in /tmp/kraft-combined-logs) (kafka.log.LogManager)
[2026-09-07 11:15:58,577] INFO Completed load of Log(dir=/tmp/kraft-combined-logs/__consumer_offsets-10, topicId=Sp3H0ukRT76JpdUw25tpZw, topic=__consumer_offsets, partition=10, highWatermark=0, lastStableOffset=0, logStartOffset=0, logEndOffset=0) with 1 segments, local-log-start-offset 0 and log-end-offset 0 in 6ms (48/51 completed in /tmp/kraft-combined-logs) (kafka.log.LogManager)
[2026-09-07 11:15:58,587] INFO [LogLoader partition=__consumer_offsets-17, dir=/tmp/kraft-combined-logs] Loading producer state till offset 0 (org.apache.kafka.storage.internals.log.UnifiedLog)
[2026-09-07 11:15:58,587] INFO [LogLoader partition=__consumer_offsets-28, dir=/tmp/kraft-combined-logs] Loading producer state till offset 0 (org.apache.kafka.storage.internals.log.UnifiedLog)
[2026-09-07 11:15:58,588] INFO Completed load of Log(dir=/tmp/kraft-combined-logs/__consumer_offsets-17, topicId=Sp3H0ukRT76JpdUw25tpZw, topic=__consumer_offsets, partition=17, highWatermark=0, lastStableOffset=0, logStartOffset=0, logEndOffset=0) with 1 segments, local-log-start-offset 0 and log-end-offset 0 in 5ms (51/51 completed in /tmp/kraft-combined-logs) (kafka.log.LogManager)
[2026-09-07 11:15:58,588] INFO Completed load of Log(dir=/tmp/kraft-combined-logs/__consumer_offsets-28, topicId=Sp3H0ukRT76JpdUw25tpZw, topic=__consumer_offsets, partition=28, highWatermark=0, lastStableOffset=0, logStartOffset=0, logEndOffset=0) with 1 segments, local-log-start-offset 0 and log-end-offset 0 in 5ms (50/51 completed in /tmp/kraft-combined-logs) (kafka.log.LogManager)
[2026-09-07 11:15:58,595] INFO Loaded 51 logs in 283ms (kafka.log.LogManager)
[2026-09-07 11:15:58,597] INFO Starting log cleanup with a period of 300000 ms. (kafka.log.LogManager)
[2026-09-07 11:15:58,597] INFO Starting log flusher with a default period of 9223372036854775807 ms. (kafka.log.LogManager)
[2026-09-07 11:15:58,614] INFO [LogDirFailureHandler]: Starting (kafka.server.ReplicaManager$LogDirFailureHandler)
[2026-09-07 11:15:58,614] INFO [AddPartitionsToTxnSenderThread-1]: Starting (org.apache.kafka.server.transaction.AddPartitionsToTxnManager)
[2026-09-07 11:15:58,615] INFO [GroupCoordinator id=1] Starting up. (org.apache.kafka.coordinator.group.GroupCoordinatorService)
[2026-09-07 11:15:58,616] INFO [GroupCoordinator id=1] Startup complete. (org.apache.kafka.coordinator.group.GroupCoordinatorService)
[2026-09-07 11:15:58,616] INFO [TransactionCoordinator id=1] Starting up. (kafka.coordinator.transaction.TransactionCoordinator)
[2026-09-07 11:15:58,616] INFO [TxnMarkerSenderThread-1]: Starting (kafka.coordinator.transaction.TransactionMarkerChannelManager)
[2026-09-07 11:15:58,616] INFO [TransactionCoordinator id=1] Startup complete. (kafka.coordinator.transaction.TransactionCoordinator)
[2026-09-07 11:15:58,616] INFO [ShareCoordinator id=1] Starting up. (org.apache.kafka.coordinator.share.ShareCoordinatorService)
[2026-09-07 11:15:58,616] INFO [ShareCoordinator id=1] Startup complete. (org.apache.kafka.coordinator.share.ShareCoordinatorService)
[2026-09-07 11:15:58,627] INFO [Partition __consumer_offsets-13 broker=1] Log loaded for partition __consumer_offsets-13 with initial high watermark 0 (kafka.cluster.Partition)
[2026-09-07 11:15:58,630] INFO [Partition __consumer_offsets-46 broker=1] Log loaded for partition __consumer_offsets-46 with initial high watermark 0 (kafka.cluster.Partition)
[2026-09-07 11:15:58,630] INFO [Partition __consumer_offsets-9 broker=1] Log loaded for partition __consumer_offsets-9 with initial high watermark 0 (kafka.cluster.Partition)
[2026-09-07 11:15:58,630] INFO [Partition __consumer_offsets-42 broker=1] Log loaded for partition __consumer_offsets-42 with initial high watermark 0 (kafka.cluster.Partition)
[2026-09-07 11:15:58,630] INFO [Partition __consumer_offsets-21 broker=1] Log loaded for partition __consumer_offsets-21 with initial high watermark 0 (kafka.cluster.Partition)
[2026-09-07 11:15:58,631] INFO [Partition __consumer_offsets-17 broker=1] Log loaded for partition __consumer_offsets-17 with initial high watermark 0 (kafka.cluster.Partition)
[2026-09-07 11:15:58,631] INFO [Partition __consumer_offsets-30 broker=1] Log loaded for partition __consumer_offsets-30 with initial high watermark 0 (kafka.cluster.Partition)
[2026-09-07 11:15:58,631] INFO [Partition __consumer_offsets-26 broker=1] Log loaded for partition __consumer_offsets-26 with initial high watermark 0 (kafka.cluster.Partition)
[2026-09-07 11:15:58,632] INFO [Partition __consumer_offsets-5 broker=1] Log loaded for partition __consumer_offsets-5 with initial high watermark 0 (kafka.cluster.Partition)
[2026-09-07 11:15:58,632] INFO [Partition __consumer_offsets-38 broker=1] Log loaded for partition __consumer_offsets-38 with initial high watermark 0 (kafka.cluster.Partition)
[2026-09-07 11:15:58,632] INFO [Partition __consumer_offsets-1 broker=1] Log loaded for partition __consumer_offsets-1 with initial high watermark 0 (kafka.cluster.Partition)
[2026-09-07 11:15:58,632] INFO [Partition __consumer_offsets-34 broker=1] Log loaded for partition __consumer_offsets-34 with initial high watermark 0 (kafka.cluster.Partition)
[2026-09-07 11:15:58,633] INFO [Partition __consumer_offsets-16 broker=1] Log loaded for partition __consumer_offsets-16 with initial high watermark 0 (kafka.cluster.Partition)
[2026-09-07 11:15:58,633] INFO [Partition __consumer_offsets-45 broker=1] Log loaded for partition __consumer_offsets-45 with initial high watermark 0 (kafka.cluster.Partition)
[2026-09-07 11:15:58,633] INFO [Partition __consumer_offsets-12 broker=1] Log loaded for partition __consumer_offsets-12 with initial high watermark 0 (kafka.cluster.Partition)
[2026-09-07 11:15:58,633] INFO [Partition __consumer_offsets-41 broker=1] Log loaded for partition __consumer_offsets-41 with initial high watermark 0 (kafka.cluster.Partition)
[2026-09-07 11:15:58,634] INFO [Partition __consumer_offsets-24 broker=1] Log loaded for partition __consumer_offsets-24 with initial high watermark 0 (kafka.cluster.Partition)
[2026-09-07 11:15:58,634] INFO [Partition __consumer_offsets-20 broker=1] Log loaded for partition __consumer_offsets-20 with initial high watermark 0 (kafka.cluster.Partition)
[2026-09-07 11:15:58,634] INFO [Partition __consumer_offsets-49 broker=1] Log loaded for partition __consumer_offsets-49 with initial high watermark 0 (kafka.cluster.Partition)
[2026-09-07 11:15:58,634] INFO [Partition __consumer_offsets-0 broker=1] Log loaded for partition __consumer_offsets-0 with initial high watermark 0 (kafka.cluster.Partition)
[2026-09-07 11:15:58,635] INFO [Partition __consumer_offsets-29 broker=1] Log loaded for partition __consumer_offsets-29 with initial high watermark 0 (kafka.cluster.Partition)
[2026-09-07 11:15:58,635] INFO [Partition __consumer_offsets-25 broker=1] Log loaded for partition __consumer_offsets-25 with initial high watermark 0 (kafka.cluster.Partition)
[2026-09-07 11:15:58,635] INFO [Partition __consumer_offsets-8 broker=1] Log loaded for partition __consumer_offsets-8 with initial high watermark 0 (kafka.cluster.Partition)
[2026-09-07 11:15:58,635] INFO [Partition __consumer_offsets-37 broker=1] Log loaded for partition __consumer_offsets-37 with initial high watermark 0 (kafka.cluster.Partition)
[2026-09-07 11:15:58,636] INFO [Partition __consumer_offsets-4 broker=1] Log loaded for partition __consumer_offsets-4 with initial high watermark 0 (kafka.cluster.Partition)
[2026-09-07 11:15:58,636] INFO [Partition __consumer_offsets-33 broker=1] Log loaded for partition __consumer_offsets-33 with initial high watermark 0 (kafka.cluster.Partition)
[2026-09-07 11:15:58,636] INFO [Partition __consumer_offsets-15 broker=1] Log loaded for partition __consumer_offsets-15 with initial high watermark 0 (kafka.cluster.Partition)
[2026-09-07 11:15:58,636] INFO [Partition __consumer_offsets-48 broker=1] Log loaded for partition __consumer_offsets-48 with initial high watermark 0 (kafka.cluster.Partition)
[2026-09-07 11:15:58,637] INFO [Partition __consumer_offsets-11 broker=1] Log loaded for partition __consumer_offsets-11 with initial high watermark 0 (kafka.cluster.Partition)
[2026-09-07 11:15:58,637] INFO [Partition __consumer_offsets-44 broker=1] Log loaded for partition __consumer_offsets-44 with initial high watermark 0 (kafka.cluster.Partition)
[2026-09-07 11:15:58,637] INFO [Partition __consumer_offsets-23 broker=1] Log loaded for partition __consumer_offsets-23 with initial high watermark 0 (kafka.cluster.Partition)
[2026-09-07 11:15:58,637] INFO [Partition __consumer_offsets-19 broker=1] Log loaded for partition __consumer_offsets-19 with initial high watermark 0 (kafka.cluster.Partition)
[2026-09-07 11:15:58,638] INFO [Partition __consumer_offsets-32 broker=1] Log loaded for partition __consumer_offsets-32 with initial high watermark 0 (kafka.cluster.Partition)
[2026-09-07 11:15:58,638] INFO [Partition __consumer_offsets-28 broker=1] Log loaded for partition __consumer_offsets-28 with initial high watermark 0 (kafka.cluster.Partition)
[2026-09-07 11:15:58,638] INFO [Partition __consumer_offsets-7 broker=1] Log loaded for partition __consumer_offsets-7 with initial high watermark 0 (kafka.cluster.Partition)
[2026-09-07 11:15:58,638] INFO [Partition __consumer_offsets-40 broker=1] Log loaded for partition __consumer_offsets-40 with initial high watermark 0 (kafka.cluster.Partition)
[2026-09-07 11:15:58,638] INFO [Partition __consumer_offsets-3 broker=1] Log loaded for partition __consumer_offsets-3 with initial high watermark 0 (kafka.cluster.Partition)
[2026-09-07 11:15:58,639] INFO [Partition __consumer_offsets-36 broker=1] Log loaded for partition __consumer_offsets-36 with initial high watermark 0 (kafka.cluster.Partition)
[2026-09-07 11:15:58,639] INFO [Partition __consumer_offsets-47 broker=1] Log loaded for partition __consumer_offsets-47 with initial high watermark 387 (kafka.cluster.Partition)
[2026-09-07 11:15:58,639] INFO [Partition __consumer_offsets-14 broker=1] Log loaded for partition __consumer_offsets-14 with initial high watermark 0 (kafka.cluster.Partition)
[2026-09-07 11:15:58,639] INFO [Partition __consumer_offsets-43 broker=1] Log loaded for partition __consumer_offsets-43 with initial high watermark 0 (kafka.cluster.Partition)
[2026-09-07 11:15:58,640] INFO [Partition __consumer_offsets-10 broker=1] Log loaded for partition __consumer_offsets-10 with initial high watermark 0 (kafka.cluster.Partition)
[2026-09-07 11:15:58,640] INFO [Partition __consumer_offsets-22 broker=1] Log loaded for partition __consumer_offsets-22 with initial high watermark 0 (kafka.cluster.Partition)
[2026-09-07 11:15:58,640] INFO [Partition __consumer_offsets-18 broker=1] Log loaded for partition __consumer_offsets-18 with initial high watermark 0 (kafka.cluster.Partition)
[2026-09-07 11:15:58,640] INFO [Partition __consumer_offsets-31 broker=1] Log loaded for partition __consumer_offsets-31 with initial high watermark 0 (kafka.cluster.Partition)
[2026-09-07 11:15:58,640] INFO [Partition transfer-completed-0 broker=1] Log loaded for partition transfer-completed-0 with initial high watermark 628 (kafka.cluster.Partition)
[2026-09-07 11:15:58,641] INFO [Partition __consumer_offsets-27 broker=1] Log loaded for partition __consumer_offsets-27 with initial high watermark 0 (kafka.cluster.Partition)
[2026-09-07 11:15:58,641] INFO [Partition __consumer_offsets-39 broker=1] Log loaded for partition __consumer_offsets-39 with initial high watermark 0 (kafka.cluster.Partition)
[2026-09-07 11:15:58,641] INFO [Partition __consumer_offsets-6 broker=1] Log loaded for partition __consumer_offsets-6 with initial high watermark 0 (kafka.cluster.Partition)
[2026-09-07 11:15:58,641] INFO [Partition __consumer_offsets-35 broker=1] Log loaded for partition __consumer_offsets-35 with initial high watermark 0 (kafka.cluster.Partition)
[2026-09-07 11:15:58,641] INFO [Partition __consumer_offsets-2 broker=1] Log loaded for partition __consumer_offsets-2 with initial high watermark 0 (kafka.cluster.Partition)
[2026-09-07 11:15:58,642] INFO [ReplicaFetcherManager on broker 1] Removed fetcher for partitions Set(__consumer_offsets-13, __consumer_offsets-46, __consumer_offsets-9, __consumer_offsets-42, __consumer_offsets-21, __consumer_offsets-17, __consumer_offsets-30, __consumer_offsets-26, __consumer_offsets-5, __consumer_offsets-38, __consumer_offsets-1, __consumer_offsets-34, __consumer_offsets-16, __consumer_offsets-45, __consumer_offsets-12, __consumer_offsets-41, __consumer_offsets-24, __consumer_offsets-20, __consumer_offsets-49, __consumer_offsets-0, __consumer_offsets-29, __consumer_offsets-25, __consumer_offsets-8, __consumer_offsets-37, __consumer_offsets-4, __consumer_offsets-33, __consumer_offsets-15, __consumer_offsets-48, __consumer_offsets-11, __consumer_offsets-44, __consumer_offsets-23, __consumer_offsets-19, __consumer_offsets-32, __consumer_offsets-28, __consumer_offsets-7, __consumer_offsets-40, __consumer_offsets-3, __consumer_offsets-36, __consumer_offsets-47, __consumer_offsets-14, __consumer_offsets-43, __consumer_offsets-10, __consumer_offsets-22, __consumer_offsets-18, __consumer_offsets-31, transfer-completed-0, __consumer_offsets-27, __consumer_offsets-39, __consumer_offsets-6, __consumer_offsets-35, __consumer_offsets-2) (kafka.server.ReplicaFetcherManager)
[2026-09-07 11:15:58,651] INFO [GroupCoordinator id=1] Scheduling unloading of metadata for __consumer_offsets-13 with epoch OptionalInt[1] (org.apache.kafka.coordinator.common.runtime.CoordinatorRuntime)
[2026-09-07 11:15:58,651] INFO [GroupCoordinator id=1] Scheduling unloading of metadata for __consumer_offsets-46 with epoch OptionalInt[1] (org.apache.kafka.coordinator.common.runtime.CoordinatorRuntime)
[2026-09-07 11:15:58,651] INFO [GroupCoordinator id=1] Scheduling unloading of metadata for __consumer_offsets-9 with epoch OptionalInt[1] (org.apache.kafka.coordinator.common.runtime.CoordinatorRuntime)
[2026-09-07 11:15:58,651] INFO [GroupCoordinator id=1] Scheduling unloading of metadata for __consumer_offsets-42 with epoch OptionalInt[1] (org.apache.kafka.coordinator.common.runtime.CoordinatorRuntime)
[2026-09-07 11:15:58,651] INFO [GroupCoordinator id=1] Ignored unloading metadata for __consumer_offsets-13 in epoch OptionalInt[1] since metadata was never loaded. (org.apache.kafka.coordinator.common.runtime.CoordinatorRuntime)
[2026-09-07 11:15:58,651] INFO [GroupCoordinator id=1] Ignored unloading metadata for __consumer_offsets-9 in epoch OptionalInt[1] since metadata was never loaded. (org.apache.kafka.coordinator.common.runtime.CoordinatorRuntime)
[2026-09-07 11:15:58,651] INFO [GroupCoordinator id=1] Scheduling unloading of metadata for __consumer_offsets-21 with epoch OptionalInt[1] (org.apache.kafka.coordinator.common.runtime.CoordinatorRuntime)
[2026-09-07 11:15:58,651] INFO [GroupCoordinator id=1] Ignored unloading metadata for __consumer_offsets-42 in epoch OptionalInt[1] since metadata was never loaded. (org.apache.kafka.coordinator.common.runtime.CoordinatorRuntime)
[2026-09-07 11:15:58,652] INFO [GroupCoordinator id=1] Scheduling unloading of metadata for __consumer_offsets-17 with epoch OptionalInt[1] (org.apache.kafka.coordinator.common.runtime.CoordinatorRuntime)
[2026-09-07 11:15:58,651] INFO [GroupCoordinator id=1] Ignored unloading metadata for __consumer_offsets-46 in epoch OptionalInt[1] since metadata was never loaded. (org.apache.kafka.coordinator.common.runtime.CoordinatorRuntime)
[2026-09-07 11:15:58,652] INFO [GroupCoordinator id=1] Ignored unloading metadata for __consumer_offsets-17 in epoch OptionalInt[1] since metadata was never loaded. (org.apache.kafka.coordinator.common.runtime.CoordinatorRuntime)
[2026-09-07 11:15:58,652] INFO [GroupCoordinator id=1] Scheduling unloading of metadata for __consumer_offsets-30 with epoch OptionalInt[1] (org.apache.kafka.coordinator.common.runtime.CoordinatorRuntime)
[2026-09-07 11:15:58,652] INFO [GroupCoordinator id=1] Ignored unloading metadata for __consumer_offsets-21 in epoch OptionalInt[1] since metadata was never loaded. (org.apache.kafka.coordinator.common.runtime.CoordinatorRuntime)
[2026-09-07 11:15:58,652] INFO [GroupCoordinator id=1] Scheduling unloading of metadata for __consumer_offsets-26 with epoch OptionalInt[1] (org.apache.kafka.coordinator.common.runtime.CoordinatorRuntime)
[2026-09-07 11:15:58,652] INFO [GroupCoordinator id=1] Ignored unloading metadata for __consumer_offsets-30 in epoch OptionalInt[1] since metadata was never loaded. (org.apache.kafka.coordinator.common.runtime.CoordinatorRuntime)
[2026-09-07 11:15:58,652] INFO [GroupCoordinator id=1] Scheduling unloading of metadata for __consumer_offsets-5 with epoch OptionalInt[1] (org.apache.kafka.coordinator.common.runtime.CoordinatorRuntime)
[2026-09-07 11:15:58,652] INFO [GroupCoordinator id=1] Ignored unloading metadata for __consumer_offsets-26 in epoch OptionalInt[1] since metadata was never loaded. (org.apache.kafka.coordinator.common.runtime.CoordinatorRuntime)
[2026-09-07 11:15:58,652] INFO [GroupCoordinator id=1] Scheduling unloading of metadata for __consumer_offsets-38 with epoch OptionalInt[1] (org.apache.kafka.coordinator.common.runtime.CoordinatorRuntime)
[2026-09-07 11:15:58,652] INFO [GroupCoordinator id=1] Ignored unloading metadata for __consumer_offsets-5 in epoch OptionalInt[1] since metadata was never loaded. (org.apache.kafka.coordinator.common.runtime.CoordinatorRuntime)
[2026-09-07 11:15:58,652] INFO [GroupCoordinator id=1] Ignored unloading metadata for __consumer_offsets-38 in epoch OptionalInt[1] since metadata was never loaded. (org.apache.kafka.coordinator.common.runtime.CoordinatorRuntime)
[2026-09-07 11:15:58,652] INFO [GroupCoordinator id=1] Scheduling unloading of metadata for __consumer_offsets-1 with epoch OptionalInt[1] (org.apache.kafka.coordinator.common.runtime.CoordinatorRuntime)
[2026-09-07 11:15:58,652] INFO [GroupCoordinator id=1] Scheduling unloading of metadata for __consumer_offsets-34 with epoch OptionalInt[1] (org.apache.kafka.coordinator.common.runtime.CoordinatorRuntime)
[2026-09-07 11:15:58,652] INFO [GroupCoordinator id=1] Ignored unloading metadata for __consumer_offsets-1 in epoch OptionalInt[1] since metadata was never loaded. (org.apache.kafka.coordinator.common.runtime.CoordinatorRuntime)
[2026-09-07 11:15:58,652] INFO [GroupCoordinator id=1] Scheduling unloading of metadata for __consumer_offsets-16 with epoch OptionalInt[1] (org.apache.kafka.coordinator.common.runtime.CoordinatorRuntime)
[2026-09-07 11:15:58,652] INFO [GroupCoordinator id=1] Ignored unloading metadata for __consumer_offsets-34 in epoch OptionalInt[1] since metadata was never loaded. (org.apache.kafka.coordinator.common.runtime.CoordinatorRuntime)
[2026-09-07 11:15:58,652] INFO [GroupCoordinator id=1] Scheduling unloading of metadata for __consumer_offsets-45 with epoch OptionalInt[1] (org.apache.kafka.coordinator.common.runtime.CoordinatorRuntime)
[2026-09-07 11:15:58,652] INFO [GroupCoordinator id=1] Ignored unloading metadata for __consumer_offsets-16 in epoch OptionalInt[1] since metadata was never loaded. (org.apache.kafka.coordinator.common.runtime.CoordinatorRuntime)
[2026-09-07 11:15:58,652] INFO [GroupCoordinator id=1] Scheduling unloading of metadata for __consumer_offsets-12 with epoch OptionalInt[1] (org.apache.kafka.coordinator.common.runtime.CoordinatorRuntime)
[2026-09-07 11:15:58,652] INFO [GroupCoordinator id=1] Ignored unloading metadata for __consumer_offsets-45 in epoch OptionalInt[1] since metadata was never loaded. (org.apache.kafka.coordinator.common.runtime.CoordinatorRuntime)
[2026-09-07 11:15:58,652] INFO [GroupCoordinator id=1] Scheduling unloading of metadata for __consumer_offsets-41 with epoch OptionalInt[1] (org.apache.kafka.coordinator.common.runtime.CoordinatorRuntime)
[2026-09-07 11:15:58,652] INFO [GroupCoordinator id=1] Ignored unloading metadata for __consumer_offsets-12 in epoch OptionalInt[1] since metadata was never loaded. (org.apache.kafka.coordinator.common.runtime.CoordinatorRuntime)
[2026-09-07 11:15:58,652] INFO [GroupCoordinator id=1] Scheduling unloading of metadata for __consumer_offsets-24 with epoch OptionalInt[1] (org.apache.kafka.coordinator.common.runtime.CoordinatorRuntime)
[2026-09-07 11:15:58,652] INFO [GroupCoordinator id=1] Scheduling unloading of metadata for __consumer_offsets-20 with epoch OptionalInt[1] (org.apache.kafka.coordinator.common.runtime.CoordinatorRuntime)
[2026-09-07 11:15:58,652] INFO [GroupCoordinator id=1] Ignored unloading metadata for __consumer_offsets-24 in epoch OptionalInt[1] since metadata was never loaded. (org.apache.kafka.coordinator.common.runtime.CoordinatorRuntime)
[2026-09-07 11:15:58,652] INFO [GroupCoordinator id=1] Ignored unloading metadata for __consumer_offsets-41 in epoch OptionalInt[1] since metadata was never loaded. (org.apache.kafka.coordinator.common.runtime.CoordinatorRuntime)
[2026-09-07 11:15:58,652] INFO [GroupCoordinator id=1] Ignored unloading metadata for __consumer_offsets-20 in epoch OptionalInt[1] since metadata was never loaded. (org.apache.kafka.coordinator.common.runtime.CoordinatorRuntime)
[2026-09-07 11:15:58,652] INFO [GroupCoordinator id=1] Scheduling unloading of metadata for __consumer_offsets-49 with epoch OptionalInt[1] (org.apache.kafka.coordinator.common.runtime.CoordinatorRuntime)
[2026-09-07 11:15:58,652] INFO [GroupCoordinator id=1] Scheduling unloading of metadata for __consumer_offsets-0 with epoch OptionalInt[1] (org.apache.kafka.coordinator.common.runtime.CoordinatorRuntime)
[2026-09-07 11:15:58,652] INFO [GroupCoordinator id=1] Ignored unloading metadata for __consumer_offsets-49 in epoch OptionalInt[1] since metadata was never loaded. (org.apache.kafka.coordinator.common.runtime.CoordinatorRuntime)
[2026-09-07 11:15:58,652] INFO [GroupCoordinator id=1] Scheduling unloading of metadata for __consumer_offsets-29 with epoch OptionalInt[1] (org.apache.kafka.coordinator.common.runtime.CoordinatorRuntime)
[2026-09-07 11:15:58,652] INFO [GroupCoordinator id=1] Ignored unloading metadata for __consumer_offsets-0 in epoch OptionalInt[1] since metadata was never loaded. (org.apache.kafka.coordinator.common.runtime.CoordinatorRuntime)
[2026-09-07 11:15:58,652] INFO [GroupCoordinator id=1] Scheduling unloading of metadata for __consumer_offsets-25 with epoch OptionalInt[1] (org.apache.kafka.coordinator.common.runtime.CoordinatorRuntime)
[2026-09-07 11:15:58,652] INFO [GroupCoordinator id=1] Ignored unloading metadata for __consumer_offsets-29 in epoch OptionalInt[1] since metadata was never loaded. (org.apache.kafka.coordinator.common.runtime.CoordinatorRuntime)
[2026-09-07 11:15:58,653] INFO [GroupCoordinator id=1] Scheduling unloading of metadata for __consumer_offsets-8 with epoch OptionalInt[1] (org.apache.kafka.coordinator.common.runtime.CoordinatorRuntime)
[2026-09-07 11:15:58,653] INFO [GroupCoordinator id=1] Ignored unloading metadata for __consumer_offsets-25 in epoch OptionalInt[1] since metadata was never loaded. (org.apache.kafka.coordinator.common.runtime.CoordinatorRuntime)
[2026-09-07 11:15:58,653] INFO [GroupCoordinator id=1] Scheduling unloading of metadata for __consumer_offsets-37 with epoch OptionalInt[1] (org.apache.kafka.coordinator.common.runtime.CoordinatorRuntime)
[2026-09-07 11:15:58,653] INFO [GroupCoordinator id=1] Ignored unloading metadata for __consumer_offsets-8 in epoch OptionalInt[1] since metadata was never loaded. (org.apache.kafka.coordinator.common.runtime.CoordinatorRuntime)
[2026-09-07 11:15:58,653] INFO [GroupCoordinator id=1] Scheduling unloading of metadata for __consumer_offsets-4 with epoch OptionalInt[1] (org.apache.kafka.coordinator.common.runtime.CoordinatorRuntime)
[2026-09-07 11:15:58,653] INFO [GroupCoordinator id=1] Ignored unloading metadata for __consumer_offsets-37 in epoch OptionalInt[1] since metadata was never loaded. (org.apache.kafka.coordinator.common.runtime.CoordinatorRuntime)
[2026-09-07 11:15:58,653] INFO [GroupCoordinator id=1] Scheduling unloading of metadata for __consumer_offsets-33 with epoch OptionalInt[1] (org.apache.kafka.coordinator.common.runtime.CoordinatorRuntime)
[2026-09-07 11:15:58,653] INFO [GroupCoordinator id=1] Ignored unloading metadata for __consumer_offsets-4 in epoch OptionalInt[1] since metadata was never loaded. (org.apache.kafka.coordinator.common.runtime.CoordinatorRuntime)
[2026-09-07 11:15:58,653] INFO [GroupCoordinator id=1] Scheduling unloading of metadata for __consumer_offsets-15 with epoch OptionalInt[1] (org.apache.kafka.coordinator.common.runtime.CoordinatorRuntime)
[2026-09-07 11:15:58,653] INFO [GroupCoordinator id=1] Ignored unloading metadata for __consumer_offsets-33 in epoch OptionalInt[1] since metadata was never loaded. (org.apache.kafka.coordinator.common.runtime.CoordinatorRuntime)
[2026-09-07 11:15:58,653] INFO [GroupCoordinator id=1] Scheduling unloading of metadata for __consumer_offsets-48 with epoch OptionalInt[1] (org.apache.kafka.coordinator.common.runtime.CoordinatorRuntime)
[2026-09-07 11:15:58,653] INFO [GroupCoordinator id=1] Ignored unloading metadata for __consumer_offsets-15 in epoch OptionalInt[1] since metadata was never loaded. (org.apache.kafka.coordinator.common.runtime.CoordinatorRuntime)
[2026-09-07 11:15:58,653] INFO [GroupCoordinator id=1] Ignored unloading metadata for __consumer_offsets-48 in epoch OptionalInt[1] since metadata was never loaded. (org.apache.kafka.coordinator.common.runtime.CoordinatorRuntime)
[2026-09-07 11:15:58,653] INFO [GroupCoordinator id=1] Scheduling unloading of metadata for __consumer_offsets-11 with epoch OptionalInt[1] (org.apache.kafka.coordinator.common.runtime.CoordinatorRuntime)
[2026-09-07 11:15:58,653] INFO [GroupCoordinator id=1] Scheduling unloading of metadata for __consumer_offsets-44 with epoch OptionalInt[1] (org.apache.kafka.coordinator.common.runtime.CoordinatorRuntime)
[2026-09-07 11:15:58,653] INFO [GroupCoordinator id=1] Scheduling unloading of metadata for __consumer_offsets-23 with epoch OptionalInt[1] (org.apache.kafka.coordinator.common.runtime.CoordinatorRuntime)
[2026-09-07 11:15:58,653] INFO [GroupCoordinator id=1] Ignored unloading metadata for __consumer_offsets-11 in epoch OptionalInt[1] since metadata was never loaded. (org.apache.kafka.coordinator.common.runtime.CoordinatorRuntime)
[2026-09-07 11:15:58,653] INFO [GroupCoordinator id=1] Ignored unloading metadata for __consumer_offsets-23 in epoch OptionalInt[1] since metadata was never loaded. (org.apache.kafka.coordinator.common.runtime.CoordinatorRuntime)
[2026-09-07 11:15:58,653] INFO [GroupCoordinator id=1] Scheduling unloading of metadata for __consumer_offsets-19 with epoch OptionalInt[1] (org.apache.kafka.coordinator.common.runtime.CoordinatorRuntime)
[2026-09-07 11:15:58,653] INFO [GroupCoordinator id=1] Ignored unloading metadata for __consumer_offsets-44 in epoch OptionalInt[1] since metadata was never loaded. (org.apache.kafka.coordinator.common.runtime.CoordinatorRuntime)
[2026-09-07 11:15:58,653] INFO [GroupCoordinator id=1] Scheduling unloading of metadata for __consumer_offsets-32 with epoch OptionalInt[1] (org.apache.kafka.coordinator.common.runtime.CoordinatorRuntime)
[2026-09-07 11:15:58,653] INFO [GroupCoordinator id=1] Ignored unloading metadata for __consumer_offsets-19 in epoch OptionalInt[1] since metadata was never loaded. (org.apache.kafka.coordinator.common.runtime.CoordinatorRuntime)
[2026-09-07 11:15:58,653] INFO [GroupCoordinator id=1] Scheduling unloading of metadata for __consumer_offsets-28 with epoch OptionalInt[1] (org.apache.kafka.coordinator.common.runtime.CoordinatorRuntime)
[2026-09-07 11:15:58,653] INFO [GroupCoordinator id=1] Ignored unloading metadata for __consumer_offsets-32 in epoch OptionalInt[1] since metadata was never loaded. (org.apache.kafka.coordinator.common.runtime.CoordinatorRuntime)
[2026-09-07 11:15:58,653] INFO [GroupCoordinator id=1] Scheduling unloading of metadata for __consumer_offsets-7 with epoch OptionalInt[1] (org.apache.kafka.coordinator.common.runtime.CoordinatorRuntime)
[2026-09-07 11:15:58,653] INFO [GroupCoordinator id=1] Ignored unloading metadata for __consumer_offsets-28 in epoch OptionalInt[1] since metadata was never loaded. (org.apache.kafka.coordinator.common.runtime.CoordinatorRuntime)
[2026-09-07 11:15:58,653] INFO [GroupCoordinator id=1] Ignored unloading metadata for __consumer_offsets-7 in epoch OptionalInt[1] since metadata was never loaded. (org.apache.kafka.coordinator.common.runtime.CoordinatorRuntime)
[2026-09-07 11:15:58,653] INFO [GroupCoordinator id=1] Scheduling unloading of metadata for __consumer_offsets-40 with epoch OptionalInt[1] (org.apache.kafka.coordinator.common.runtime.CoordinatorRuntime)
[2026-09-07 11:15:58,653] INFO [GroupCoordinator id=1] Scheduling unloading of metadata for __consumer_offsets-3 with epoch OptionalInt[1] (org.apache.kafka.coordinator.common.runtime.CoordinatorRuntime)
[2026-09-07 11:15:58,653] INFO [GroupCoordinator id=1] Scheduling unloading of metadata for __consumer_offsets-36 with epoch OptionalInt[1] (org.apache.kafka.coordinator.common.runtime.CoordinatorRuntime)
[2026-09-07 11:15:58,653] INFO [GroupCoordinator id=1] Ignored unloading metadata for __consumer_offsets-40 in epoch OptionalInt[1] since metadata was never loaded. (org.apache.kafka.coordinator.common.runtime.CoordinatorRuntime)
[2026-09-07 11:15:58,653] INFO [GroupCoordinator id=1] Ignored unloading metadata for __consumer_offsets-36 in epoch OptionalInt[1] since metadata was never loaded. (org.apache.kafka.coordinator.common.runtime.CoordinatorRuntime)
[2026-09-07 11:15:58,653] INFO [GroupCoordinator id=1] Scheduling unloading of metadata for __consumer_offsets-47 with epoch OptionalInt[1] (org.apache.kafka.coordinator.common.runtime.CoordinatorRuntime)
[2026-09-07 11:15:58,653] INFO [GroupCoordinator id=1] Ignored unloading metadata for __consumer_offsets-3 in epoch OptionalInt[1] since metadata was never loaded. (org.apache.kafka.coordinator.common.runtime.CoordinatorRuntime)
[2026-09-07 11:15:58,654] INFO [GroupCoordinator id=1] Scheduling unloading of metadata for __consumer_offsets-14 with epoch OptionalInt[1] (org.apache.kafka.coordinator.common.runtime.CoordinatorRuntime)
[2026-09-07 11:15:58,654] INFO [GroupCoordinator id=1] Ignored unloading metadata for __consumer_offsets-47 in epoch OptionalInt[1] since metadata was never loaded. (org.apache.kafka.coordinator.common.runtime.CoordinatorRuntime)
[2026-09-07 11:15:58,654] INFO [GroupCoordinator id=1] Scheduling unloading of metadata for __consumer_offsets-43 with epoch OptionalInt[1] (org.apache.kafka.coordinator.common.runtime.CoordinatorRuntime)
[2026-09-07 11:15:58,654] INFO [GroupCoordinator id=1] Ignored unloading metadata for __consumer_offsets-14 in epoch OptionalInt[1] since metadata was never loaded. (org.apache.kafka.coordinator.common.runtime.CoordinatorRuntime)
[2026-09-07 11:15:58,654] INFO [GroupCoordinator id=1] Scheduling unloading of metadata for __consumer_offsets-10 with epoch OptionalInt[1] (org.apache.kafka.coordinator.common.runtime.CoordinatorRuntime)
[2026-09-07 11:15:58,654] INFO [GroupCoordinator id=1] Ignored unloading metadata for __consumer_offsets-43 in epoch OptionalInt[1] since metadata was never loaded. (org.apache.kafka.coordinator.common.runtime.CoordinatorRuntime)
[2026-09-07 11:15:58,654] INFO [GroupCoordinator id=1] Scheduling unloading of metadata for __consumer_offsets-22 with epoch OptionalInt[1] (org.apache.kafka.coordinator.common.runtime.CoordinatorRuntime)
[2026-09-07 11:15:58,654] INFO [GroupCoordinator id=1] Ignored unloading metadata for __consumer_offsets-10 in epoch OptionalInt[1] since metadata was never loaded. (org.apache.kafka.coordinator.common.runtime.CoordinatorRuntime)
[2026-09-07 11:15:58,654] INFO [GroupCoordinator id=1] Scheduling unloading of metadata for __consumer_offsets-18 with epoch OptionalInt[1] (org.apache.kafka.coordinator.common.runtime.CoordinatorRuntime)
[2026-09-07 11:15:58,654] INFO [GroupCoordinator id=1] Scheduling unloading of metadata for __consumer_offsets-31 with epoch OptionalInt[1] (org.apache.kafka.coordinator.common.runtime.CoordinatorRuntime)
[2026-09-07 11:15:58,654] INFO [GroupCoordinator id=1] Ignored unloading metadata for __consumer_offsets-22 in epoch OptionalInt[1] since metadata was never loaded. (org.apache.kafka.coordinator.common.runtime.CoordinatorRuntime)
[2026-09-07 11:15:58,654] INFO [GroupCoordinator id=1] Ignored unloading metadata for __consumer_offsets-18 in epoch OptionalInt[1] since metadata was never loaded. (org.apache.kafka.coordinator.common.runtime.CoordinatorRuntime)
[2026-09-07 11:15:58,654] INFO [GroupCoordinator id=1] Scheduling unloading of metadata for __consumer_offsets-27 with epoch OptionalInt[1] (org.apache.kafka.coordinator.common.runtime.CoordinatorRuntime)
[2026-09-07 11:15:58,654] INFO [GroupCoordinator id=1] Scheduling unloading of metadata for __consumer_offsets-39 with epoch OptionalInt[1] (org.apache.kafka.coordinator.common.runtime.CoordinatorRuntime)
[2026-09-07 11:15:58,654] INFO [GroupCoordinator id=1] Ignored unloading metadata for __consumer_offsets-31 in epoch OptionalInt[1] since metadata was never loaded. (org.apache.kafka.coordinator.common.runtime.CoordinatorRuntime)
[2026-09-07 11:15:58,654] INFO [GroupCoordinator id=1] Scheduling unloading of metadata for __consumer_offsets-6 with epoch OptionalInt[1] (org.apache.kafka.coordinator.common.runtime.CoordinatorRuntime)
[2026-09-07 11:15:58,654] INFO [GroupCoordinator id=1] Ignored unloading metadata for __consumer_offsets-39 in epoch OptionalInt[1] since metadata was never loaded. (org.apache.kafka.coordinator.common.runtime.CoordinatorRuntime)
[2026-09-07 11:15:58,654] INFO [GroupCoordinator id=1] Ignored unloading metadata for __consumer_offsets-27 in epoch OptionalInt[1] since metadata was never loaded. (org.apache.kafka.coordinator.common.runtime.CoordinatorRuntime)
[2026-09-07 11:15:58,654] INFO [GroupCoordinator id=1] Scheduling unloading of metadata for __consumer_offsets-35 with epoch OptionalInt[1] (org.apache.kafka.coordinator.common.runtime.CoordinatorRuntime)
[2026-09-07 11:15:58,654] INFO [GroupCoordinator id=1] Ignored unloading metadata for __consumer_offsets-6 in epoch OptionalInt[1] since metadata was never loaded. (org.apache.kafka.coordinator.common.runtime.CoordinatorRuntime)
[2026-09-07 11:15:58,654] INFO [GroupCoordinator id=1] Scheduling unloading of metadata for __consumer_offsets-2 with epoch OptionalInt[1] (org.apache.kafka.coordinator.common.runtime.CoordinatorRuntime)
[2026-09-07 11:15:58,654] INFO [GroupCoordinator id=1] Ignored unloading metadata for __consumer_offsets-35 in epoch OptionalInt[1] since metadata was never loaded. (org.apache.kafka.coordinator.common.runtime.CoordinatorRuntime)
[2026-09-07 11:15:58,654] INFO [GroupCoordinator id=1] Ignored unloading metadata for __consumer_offsets-2 in epoch OptionalInt[1] since metadata was never loaded. (org.apache.kafka.coordinator.common.runtime.CoordinatorRuntime)
[2026-09-07 11:15:58,655] INFO [DynamicConfigPublisher broker id=1] Updating topic __consumer_offsets with new configuration : compression.type -> producer,cleanup.policy -> compact,segment.bytes -> 104857600 (kafka.server.metadata.DynamicConfigPublisher)
[2026-09-07 11:15:58,658] INFO [DynamicConfigPublisher broker id=1] Updating cluster configuration : min.insync.replicas -> 1 (kafka.server.metadata.DynamicConfigPublisher)
[2026-09-07 11:15:58,659] INFO AbstractConfig values: 
	group.consumer.assignment.interval.ms = 1000
	group.consumer.assignors = [uniform, range]
	group.consumer.heartbeat.interval.ms = 5000
	group.consumer.max.assignment.interval.ms = 15000
	group.consumer.max.heartbeat.interval.ms = 15000
	group.consumer.max.session.timeout.ms = 60000
	group.consumer.max.size = 2147483647
	group.consumer.migration.policy = bidirectional
	group.consumer.min.assignment.interval.ms = 0
	group.consumer.min.heartbeat.interval.ms = 5000
	group.consumer.min.session.timeout.ms = 45000
	group.consumer.regex.refresh.interval.ms = 600000
	group.consumer.session.timeout.ms = 45000
	group.coordinator.append.linger.ms = -1
	group.coordinator.background.threads = 2
	group.coordinator.cached.buffer.max.bytes = 1048588
	group.coordinator.rebalance.protocols = [classic, consumer, streams]
	group.coordinator.threads = 4
	group.initial.rebalance.delay.ms = 3000
	group.max.session.timeout.ms = 1800000
	group.max.size = 2147483647
	group.min.session.timeout.ms = 6000
	group.share.assignment.interval.ms = 1000
	group.share.assignors = [simple]
	group.share.heartbeat.interval.ms = 5000
	group.share.initialize.retry.interval.ms = 30000
	group.share.max.assignment.interval.ms = 15000
	group.share.max.heartbeat.interval.ms = 15000
	group.share.max.session.timeout.ms = 60000
	group.share.max.size = 200
	group.share.min.assignment.interval.ms = 0
	group.share.min.heartbeat.interval.ms = 5000
	group.share.min.session.timeout.ms = 45000
	group.share.session.timeout.ms = 45000
	group.streams.assignment.interval.ms = 1000
	group.streams.heartbeat.interval.ms = 5000
	group.streams.initial.rebalance.delay.ms = 3000
	group.streams.max.assignment.interval.ms = 15000
	group.streams.max.heartbeat.interval.ms = 15000
	group.streams.max.session.timeout.ms = 60000
	group.streams.max.size = 2147483647
	group.streams.max.standby.replicas = 2
	group.streams.min.assignment.interval.ms = 0
	group.streams.min.heartbeat.interval.ms = 5000
	group.streams.min.session.timeout.ms = 45000
	group.streams.num.standby.replicas = 0
	group.streams.session.timeout.ms = 45000
	offset.metadata.max.bytes = 4096
	offsets.commit.timeout.ms = 5000
	offsets.load.buffer.size = 5242880
	offsets.retention.check.interval.ms = 600000
	offsets.retention.minutes = 10080
	offsets.topic.compression.codec = 0
	offsets.topic.num.partitions = 50
	offsets.topic.replication.factor = 1
	offsets.topic.segment.bytes = 104857600
 (org.apache.kafka.common.config.AbstractConfig)
[2026-09-07 11:15:58,659] INFO KafkaConfig values: 
	add.partitions.to.txn.retry.backoff.max.ms = 100
	add.partitions.to.txn.retry.backoff.ms = 20
	advertised.listeners = [PLAINTEXT://localhost:9092, CONTROLLER://localhost:9093]
	alter.config.policy.class.name = null
	alter.log.dirs.replication.quota.window.num = 11
	alter.log.dirs.replication.quota.window.size.seconds = 1
	authorizer.class.name = 
	auto.create.topics.enable = true
	auto.leader.rebalance.enable = true
	background.threads = 10
	broker.heartbeat.interval.ms = 2000
	broker.id = 1
	broker.rack = null
	broker.session.timeout.ms = 9000
	client.quota.callback.class = null
	compression.gzip.level = -1
	compression.lz4.level = 9
	compression.type = producer
	compression.zstd.level = 3
	config.providers = []
	connection.failed.authentication.delay.ms = 100
	connections.max.idle.ms = 600000
	connections.max.reauth.ms = 0
	controlled.shutdown.enable = true
	controller.listener.names = [CONTROLLER]
	controller.performance.always.log.threshold.ms = 2000
	controller.performance.sample.period.ms = 60000
	controller.quorum.append.linger.ms = 25
	controller.quorum.auto.join.enable = false
	controller.quorum.bootstrap.servers = [localhost:9093]
	controller.quorum.election.backoff.max.ms = 1000
	controller.quorum.election.timeout.ms = 1000
	controller.quorum.fetch.max.bytes = 1048576
	controller.quorum.fetch.snapshot.max.bytes = 1048576
	controller.quorum.fetch.timeout.ms = 2000
	controller.quorum.request.timeout.ms = 2000
	controller.quorum.retry.backoff.ms = 20
	controller.quorum.voters = [1@localhost:9093]
	controller.quota.window.num = 11
	controller.quota.window.size.seconds = 1
	controller.socket.timeout.ms = 30000
	cordoned.log.dirs = []
	create.topic.policy.class.name = null
	default.replication.factor = 1
	delegation.token.expiry.check.interval.ms = 3600000
	delegation.token.expiry.time.ms = 86400000
	delegation.token.max.lifetime.ms = 604800000
	delegation.token.secret.key = null
	delete.records.purgatory.purge.interval.requests = 1
	delete.topic.enable = true
	early.start.listeners = null
	fetch.max.bytes = 57671680
	fetch.purgatory.purge.interval.requests = 1000
	follower.fetch.last.tiered.offset.enable = false
	group.consumer.assignment.interval.ms = 1000
	group.consumer.assignors = [uniform, range]
	group.consumer.heartbeat.interval.ms = 5000
	group.consumer.max.assignment.interval.ms = 15000
	group.consumer.max.heartbeat.interval.ms = 15000
	group.consumer.max.session.timeout.ms = 60000
	group.consumer.max.size = 2147483647
	group.consumer.migration.policy = bidirectional
	group.consumer.min.assignment.interval.ms = 0
	group.consumer.min.heartbeat.interval.ms = 5000
	group.consumer.min.session.timeout.ms = 45000
	group.consumer.regex.refresh.interval.ms = 600000
	group.consumer.session.timeout.ms = 45000
	group.coordinator.append.linger.ms = -1
	group.coordinator.background.threads = 2
	group.coordinator.cached.buffer.max.bytes = 1048588
	group.coordinator.rebalance.protocols = [classic, consumer, streams]
	group.coordinator.threads = 4
	group.initial.rebalance.delay.ms = 3000
	group.max.session.timeout.ms = 1800000
	group.max.size = 2147483647
	group.min.session.timeout.ms = 6000
	group.share.assignment.interval.ms = 1000
	group.share.assignors = [simple]
	group.share.delivery.count.limit = 5
	group.share.heartbeat.interval.ms = 5000
	group.share.initialize.retry.interval.ms = 30000
	group.share.max.assignment.interval.ms = 15000
	group.share.max.delivery.count.limit = 10
	group.share.max.heartbeat.interval.ms = 15000
	group.share.max.partition.max.record.locks = 4000
	group.share.max.record.lock.duration.ms = 60000
	group.share.max.session.timeout.ms = 60000
	group.share.max.share.sessions = 2000
	group.share.max.size = 200
	group.share.min.assignment.interval.ms = 0
	group.share.min.delivery.count.limit = 2
	group.share.min.heartbeat.interval.ms = 5000
	group.share.min.partition.max.record.locks = 100
	group.share.min.record.lock.duration.ms = 15000
	group.share.min.session.timeout.ms = 45000
	group.share.partition.max.record.locks = 2000
	group.share.persister.class.name = org.apache.kafka.server.share.persister.DefaultStatePersister
	group.share.record.lock.duration.ms = 30000
	group.share.session.timeout.ms = 45000
	group.streams.assignment.interval.ms = 1000
	group.streams.heartbeat.interval.ms = 5000
	group.streams.initial.rebalance.delay.ms = 3000
	group.streams.max.assignment.interval.ms = 15000
	group.streams.max.heartbeat.interval.ms = 15000
	group.streams.max.session.timeout.ms = 60000
	group.streams.max.size = 2147483647
	group.streams.max.standby.replicas = 2
	group.streams.min.assignment.interval.ms = 0
	group.streams.min.heartbeat.interval.ms = 5000
	group.streams.min.session.timeout.ms = 45000
	group.streams.num.standby.replicas = 0
	group.streams.session.timeout.ms = 45000
	initial.broker.registration.timeout.ms = 60000
	inter.broker.listener.name = PLAINTEXT
	internal.metadata.delete.delay.millis = 60000
	internal.metadata.log.segment.bytes = null
	internal.metadata.max.batch.size.in.bytes = 8388608
	kafka.metrics.polling.interval.secs = 10
	kafka.metrics.reporters = []
	leader.imbalance.check.interval.seconds = 300
	listener.security.protocol.map = CONTROLLER:PLAINTEXT,PLAINTEXT:PLAINTEXT,SSL:SSL,SASL_PLAINTEXT:SASL_PLAINTEXT,SASL_SSL:SASL_SSL
	listeners = [PLAINTEXT://:9092, CONTROLLER://:9093]
	log.cleaner.backoff.ms = 15000
	log.cleaner.dedupe.buffer.size = 134217728
	log.cleaner.delete.retention.ms = 86400000
	log.cleaner.enable = true
	log.cleaner.io.buffer.load.factor = 0.9
	log.cleaner.io.buffer.size = 524288
	log.cleaner.io.max.bytes.per.second = 1.7976931348623157E308
	log.cleaner.max.compaction.lag.ms = 9223372036854775807
	log.cleaner.min.cleanable.ratio = 0.5
	log.cleaner.min.compaction.lag.ms = 0
	log.cleaner.threads = 1
	log.cleanup.policy = [delete]
	log.dir = [/tmp/kafka-logs]
	log.dir.failure.timeout.ms = 30000
	log.dirs = [/tmp/kraft-combined-logs]
	log.flush.interval.messages = 9223372036854775807
	log.flush.interval.ms = null
	log.flush.offset.checkpoint.interval.ms = 60000
	log.flush.scheduler.interval.ms = 9223372036854775807
	log.flush.start.offset.checkpoint.interval.ms = 60000
	log.index.interval.bytes = 4096
	log.index.size.max.bytes = 10485760
	log.initial.task.delay.ms = 30000
	log.local.retention.bytes = -2
	log.local.retention.ms = -2
	log.message.timestamp.after.max.ms = 3600000
	log.message.timestamp.before.max.ms = 9223372036854775807
	log.message.timestamp.type = CreateTime
	log.preallocate = false
	log.retention.bytes = -1
	log.retention.check.interval.ms = 300000
	log.retention.hours = 168
	log.retention.minutes = null
	log.retention.ms = null
	log.roll.hours = 168
	log.roll.jitter.hours = 0
	log.roll.jitter.ms = null
	log.roll.ms = null
	log.segment.bytes = 1073741824
	log.segment.delete.delay.ms = 60000
	max.connection.creation.rate = 2147483647
	max.connections = 2147483647
	max.connections.per.ip = 2147483647
	max.connections.per.ip.overrides = 
	max.incremental.fetch.session.cache.slots = 1000
	max.request.partition.size.limit = 2000
	message.max.bytes = 1048588
	metadata.log.dir = null
	metadata.log.max.record.bytes.between.snapshots = 20971520
	metadata.log.max.snapshot.interval.ms = 3600000
	metadata.log.segment.bytes = 1073741824
	metadata.log.segment.ms = 604800000
	metadata.max.idle.interval.ms = 500
	metadata.max.retention.bytes = 104857600
	metadata.max.retention.ms = 604800000
	metric.reporters = [org.apache.kafka.common.metrics.JmxReporter]
	metrics.num.samples = 2
	metrics.recording.level = INFO
	metrics.sample.window.ms = 30000
	min.insync.replicas = 1
	node.id = 1
	num.io.threads = 8
	num.network.threads = 3
	num.partitions = 1
	num.recovery.threads.per.data.dir = 2
	num.replica.alter.log.dirs.threads = null
	num.replica.fetchers = 1
	offset.metadata.max.bytes = 4096
	offsets.commit.timeout.ms = 5000
	offsets.load.buffer.size = 5242880
	offsets.retention.check.interval.ms = 600000
	offsets.retention.minutes = 10080
	offsets.topic.compression.codec = 0
	offsets.topic.num.partitions = 50
	offsets.topic.replication.factor = 1
	offsets.topic.segment.bytes = 104857600
	principal.builder.class = class org.apache.kafka.common.security.authenticator.DefaultKafkaPrincipalBuilder
	process.roles = [broker, controller]
	producer.id.expiration.check.interval.ms = 600000
	producer.id.expiration.ms = 86400000
	producer.purgatory.purge.interval.requests = 1000
	queued.max.request.bytes = -1
	queued.max.requests = 500
	quota.window.num = 11
	quota.window.size.seconds = 1
	remote.fetch.max.wait.ms = 500
	remote.list.offsets.request.timeout.ms = 30000
	remote.log.index.file.cache.total.size.bytes = 1073741824
	remote.log.index.file.cache.ttl.ms = 900000
	remote.log.manager.copier.thread.pool.size = 10
	remote.log.manager.copy.max.bytes.per.second = 9223372036854775807
	remote.log.manager.copy.quota.window.num = 11
	remote.log.manager.copy.quota.window.size.seconds = 1
	remote.log.manager.expiration.thread.pool.size = 10
	remote.log.manager.fetch.max.bytes.per.second = 9223372036854775807
	remote.log.manager.fetch.quota.window.num = 11
	remote.log.manager.fetch.quota.window.size.seconds = 1
	remote.log.manager.follower.thread.pool.size = 2
	remote.log.manager.task.interval.ms = 30000
	remote.log.manager.task.retry.backoff.max.ms = 30000
	remote.log.manager.task.retry.backoff.ms = 500
	remote.log.manager.task.retry.jitter = 0.2
	remote.log.manager.thread.pool.size = 2
	remote.log.metadata.custom.metadata.max.bytes = 128
	remote.log.metadata.manager.class.name = org.apache.kafka.server.log.remote.metadata.storage.TopicBasedRemoteLogMetadataManager
	remote.log.metadata.manager.class.path = null
	remote.log.metadata.manager.impl.prefix = rlmm.config.
	remote.log.metadata.manager.listener.name = null
	remote.log.reader.max.pending.tasks = 100
	remote.log.reader.threads = 10
	remote.log.storage.manager.class.name = null
	remote.log.storage.manager.class.path = null
	remote.log.storage.manager.impl.prefix = rsm.config.
	remote.log.storage.system.enable = false
	replica.fetch.backoff.ms = 1000
	replica.fetch.max.bytes = 1048576
	replica.fetch.min.bytes = 1
	replica.fetch.response.max.bytes = 10485760
	replica.fetch.wait.max.ms = 500
	replica.high.watermark.checkpoint.interval.ms = 5000
	replica.lag.time.max.ms = 30000
	replica.selector.class = null
	replica.socket.receive.buffer.bytes = 65536
	replica.socket.timeout.ms = 30000
	replication.quota.window.num = 11
	replication.quota.window.size.seconds = 1
	request.timeout.ms = 30000
	sasl.client.callback.handler.class = null
	sasl.enabled.mechanisms = [GSSAPI]
	sasl.jaas.config = null
	sasl.kerberos.kinit.cmd = /usr/bin/kinit
	sasl.kerberos.min.time.before.relogin = 60000
	sasl.kerberos.principal.to.local.rules = [DEFAULT]
	sasl.kerberos.service.name = null
	sasl.kerberos.ticket.renew.jitter = 0.05
	sasl.kerberos.ticket.renew.window.factor = 0.8
	sasl.login.callback.handler.class = null
	sasl.login.class = null
	sasl.login.connect.timeout.ms = null
	sasl.login.read.timeout.ms = null
	sasl.login.refresh.buffer.seconds = 300
	sasl.login.refresh.min.period.seconds = 60
	sasl.login.refresh.window.factor = 0.8
	sasl.login.refresh.window.jitter = 0.05
	sasl.login.retry.backoff.max.ms = 10000
	sasl.login.retry.backoff.ms = 100
	sasl.mechanism.controller.protocol = GSSAPI
	sasl.mechanism.inter.broker.protocol = GSSAPI
	sasl.oauthbearer.assertion.algorithm = RS256
	sasl.oauthbearer.assertion.claim.aud = null
	sasl.oauthbearer.assertion.claim.exp.seconds = 300
	sasl.oauthbearer.assertion.claim.iss = null
	sasl.oauthbearer.assertion.claim.jti.include = false
	sasl.oauthbearer.assertion.claim.nbf.seconds = 60
	sasl.oauthbearer.assertion.claim.sub = null
	sasl.oauthbearer.assertion.file = null
	sasl.oauthbearer.assertion.private.key.file = null
	sasl.oauthbearer.assertion.private.key.passphrase = null
	sasl.oauthbearer.assertion.template.file = null
	sasl.oauthbearer.client.credentials.client.id = null
	sasl.oauthbearer.client.credentials.client.secret = null
	sasl.oauthbearer.clock.skew.seconds = 30
	sasl.oauthbearer.expected.audience = []
	sasl.oauthbearer.expected.issuer = null
	sasl.oauthbearer.jwks.endpoint.refresh.ms = 3600000
	sasl.oauthbearer.jwks.endpoint.retry.backoff.max.ms = 10000
	sasl.oauthbearer.jwks.endpoint.retry.backoff.ms = 100
	sasl.oauthbearer.jwks.endpoint.url = null
	sasl.oauthbearer.jwt.retriever.class = class org.apache.kafka.common.security.oauthbearer.DefaultJwtRetriever
	sasl.oauthbearer.jwt.validator.class = class org.apache.kafka.common.security.oauthbearer.DefaultJwtValidator
	sasl.oauthbearer.scope = null
	sasl.oauthbearer.scope.claim.name = scope
	sasl.oauthbearer.sub.claim.name = sub
	sasl.oauthbearer.token.endpoint.url = null
	sasl.server.callback.handler.class = null
	sasl.server.max.receive.size = 524288
	security.inter.broker.protocol = PLAINTEXT
	security.providers = null
	server.max.startup.time.ms = 9223372036854775807
	share.coordinator.append.linger.ms = -1
	share.coordinator.cached.buffer.max.bytes = 1048588
	share.coordinator.cold.partition.snapshot.interval.ms = 300000
	share.coordinator.load.buffer.size = 5242880
	share.coordinator.snapshot.update.records.per.snapshot = 500
	share.coordinator.state.topic.compression.codec = 0
	share.coordinator.state.topic.min.isr = 1
	share.coordinator.state.topic.num.partitions = 50
	share.coordinator.state.topic.prune.interval.ms = 300000
	share.coordinator.state.topic.replication.factor = 1
	share.coordinator.state.topic.segment.bytes = 104857600
	share.coordinator.threads = 1
	share.coordinator.write.timeout.ms = 5000
	share.fetch.purgatory.purge.interval.requests = 1000
	socket.connection.setup.timeout.max.ms = 30000
	socket.connection.setup.timeout.ms = 10000
	socket.listen.backlog.size = 50
	socket.receive.buffer.bytes = 102400
	socket.request.max.bytes = 104857600
	socket.send.buffer.bytes = 102400
	ssl.allow.dn.changes = false
	ssl.allow.san.changes = false
	ssl.cipher.suites = []
	ssl.client.auth = none
	ssl.enabled.protocols = [TLSv1.2, TLSv1.3]
	ssl.endpoint.identification.algorithm = https
	ssl.engine.factory.class = null
	ssl.key.password = null
	ssl.keymanager.algorithm = SunX509
	ssl.keystore.certificate.chain = null
	ssl.keystore.key = null
	ssl.keystore.location = null
	ssl.keystore.password = null
	ssl.keystore.type = JKS
	ssl.principal.mapping.rules = DEFAULT
	ssl.protocol = TLSv1.3
	ssl.provider = null
	ssl.secure.random.implementation = null
	ssl.trustmanager.algorithm = PKIX
	ssl.truststore.certificates = null
	ssl.truststore.location = null
	ssl.truststore.password = null
	ssl.truststore.type = JKS
	telemetry.max.bytes = 1048576
	transaction.abort.timed.out.transaction.cleanup.interval.ms = 10000
	transaction.max.timeout.ms = 900000
	transaction.partition.verification.enable = true
	transaction.remove.expired.transaction.cleanup.interval.ms = 3600000
	transaction.state.log.load.buffer.size = 5242880
	transaction.state.log.min.isr = 1
	transaction.state.log.num.partitions = 50
	transaction.state.log.replication.factor = 1
	transaction.state.log.segment.bytes = 104857600
	transaction.two.phase.commit.enable = false
	transactional.id.expiration.ms = 604800000
	unclean.leader.election.enable = false
	unclean.leader.election.interval.ms = 300000
	unstable.api.versions.enable = false
	unstable.feature.versions.enable = false
 (org.apache.kafka.common.config.AbstractConfig)
[2026-09-07 11:15:58,661] INFO [BrokerMetadataPublisher id=1] Feature share.version has been updated to version 1 (kafka.server.metadata.BrokerMetadataPublisher)
[2026-09-07 11:15:58,661] INFO [MetadataLoader id=1] InitializeNewPublishers: initializing BrokerRegistrationTracker(id=1) with a snapshot at offset 149413 (org.apache.kafka.image.loader.MetadataLoader)
[2026-09-07 11:15:58,675] INFO [BrokerLifecycleManager id=1] The broker has caught up. Transitioning from STARTING to RECOVERY. (org.apache.kafka.server.BrokerLifecycleManager)
[2026-09-07 11:15:58,675] INFO [BrokerServer id=1] Finished waiting for the controller to acknowledge that we are caught up (kafka.server.BrokerServer)
[2026-09-07 11:15:58,675] INFO [BrokerServer id=1] Waiting for the initial broker metadata update to be published (kafka.server.BrokerServer)
[2026-09-07 11:15:58,675] INFO [BrokerServer id=1] Finished waiting for the initial broker metadata update to be published (kafka.server.BrokerServer)
[2026-09-07 11:15:58,675] INFO KafkaConfig values: 
	add.partitions.to.txn.retry.backoff.max.ms = 100
	add.partitions.to.txn.retry.backoff.ms = 20
	advertised.listeners = [PLAINTEXT://localhost:9092, CONTROLLER://localhost:9093]
	alter.config.policy.class.name = null
	alter.log.dirs.replication.quota.window.num = 11
	alter.log.dirs.replication.quota.window.size.seconds = 1
	authorizer.class.name = 
	auto.create.topics.enable = true
	auto.leader.rebalance.enable = true
	background.threads = 10
	broker.heartbeat.interval.ms = 2000
	broker.id = 1
	broker.rack = null
	broker.session.timeout.ms = 9000
	client.quota.callback.class = null
	compression.gzip.level = -1
	compression.lz4.level = 9
	compression.type = producer
	compression.zstd.level = 3
	config.providers = []
	connection.failed.authentication.delay.ms = 100
	connections.max.idle.ms = 600000
	connections.max.reauth.ms = 0
	controlled.shutdown.enable = true
	controller.listener.names = [CONTROLLER]
	controller.performance.always.log.threshold.ms = 2000
	controller.performance.sample.period.ms = 60000
	controller.quorum.append.linger.ms = 25
	controller.quorum.auto.join.enable = false
	controller.quorum.bootstrap.servers = [localhost:9093]
	controller.quorum.election.backoff.max.ms = 1000
	controller.quorum.election.timeout.ms = 1000
	controller.quorum.fetch.max.bytes = 1048576
	controller.quorum.fetch.snapshot.max.bytes = 1048576
	controller.quorum.fetch.timeout.ms = 2000
	controller.quorum.request.timeout.ms = 2000
	controller.quorum.retry.backoff.ms = 20
	controller.quorum.voters = [1@localhost:9093]
	controller.quota.window.num = 11
	controller.quota.window.size.seconds = 1
	controller.socket.timeout.ms = 30000
	cordoned.log.dirs = []
	create.topic.policy.class.name = null
	default.replication.factor = 1
	delegation.token.expiry.check.interval.ms = 3600000
	delegation.token.expiry.time.ms = 86400000
	delegation.token.max.lifetime.ms = 604800000
	delegation.token.secret.key = null
	delete.records.purgatory.purge.interval.requests = 1
	delete.topic.enable = true
	early.start.listeners = null
	fetch.max.bytes = 57671680
	fetch.purgatory.purge.interval.requests = 1000
	follower.fetch.last.tiered.offset.enable = false
	group.consumer.assignment.interval.ms = 1000
	group.consumer.assignors = [uniform, range]
	group.consumer.heartbeat.interval.ms = 5000
	group.consumer.max.assignment.interval.ms = 15000
	group.consumer.max.heartbeat.interval.ms = 15000
	group.consumer.max.session.timeout.ms = 60000
	group.consumer.max.size = 2147483647
	group.consumer.migration.policy = bidirectional
	group.consumer.min.assignment.interval.ms = 0
	group.consumer.min.heartbeat.interval.ms = 5000
	group.consumer.min.session.timeout.ms = 45000
	group.consumer.regex.refresh.interval.ms = 600000
	group.consumer.session.timeout.ms = 45000
	group.coordinator.append.linger.ms = -1
	group.coordinator.background.threads = 2
	group.coordinator.cached.buffer.max.bytes = 1048588
	group.coordinator.rebalance.protocols = [classic, consumer, streams]
	group.coordinator.threads = 4
	group.initial.rebalance.delay.ms = 3000
	group.max.session.timeout.ms = 1800000
	group.max.size = 2147483647
	group.min.session.timeout.ms = 6000
	group.share.assignment.interval.ms = 1000
	group.share.assignors = [simple]
	group.share.delivery.count.limit = 5
	group.share.heartbeat.interval.ms = 5000
	group.share.initialize.retry.interval.ms = 30000
	group.share.max.assignment.interval.ms = 15000
	group.share.max.delivery.count.limit = 10
	group.share.max.heartbeat.interval.ms = 15000
	group.share.max.partition.max.record.locks = 4000
	group.share.max.record.lock.duration.ms = 60000
	group.share.max.session.timeout.ms = 60000
	group.share.max.share.sessions = 2000
	group.share.max.size = 200
	group.share.min.assignment.interval.ms = 0
	group.share.min.delivery.count.limit = 2
	group.share.min.heartbeat.interval.ms = 5000
	group.share.min.partition.max.record.locks = 100
	group.share.min.record.lock.duration.ms = 15000
	group.share.min.session.timeout.ms = 45000
	group.share.partition.max.record.locks = 2000
	group.share.persister.class.name = org.apache.kafka.server.share.persister.DefaultStatePersister
	group.share.record.lock.duration.ms = 30000
	group.share.session.timeout.ms = 45000
	group.streams.assignment.interval.ms = 1000
	group.streams.heartbeat.interval.ms = 5000
	group.streams.initial.rebalance.delay.ms = 3000
	group.streams.max.assignment.interval.ms = 15000
	group.streams.max.heartbeat.interval.ms = 15000
	group.streams.max.session.timeout.ms = 60000
	group.streams.max.size = 2147483647
	group.streams.max.standby.replicas = 2
	group.streams.min.assignment.interval.ms = 0
	group.streams.min.heartbeat.interval.ms = 5000
	group.streams.min.session.timeout.ms = 45000
	group.streams.num.standby.replicas = 0
	group.streams.session.timeout.ms = 45000
	initial.broker.registration.timeout.ms = 60000
	inter.broker.listener.name = PLAINTEXT
	internal.metadata.delete.delay.millis = 60000
	internal.metadata.log.segment.bytes = null
	internal.metadata.max.batch.size.in.bytes = 8388608
	kafka.metrics.polling.interval.secs = 10
	kafka.metrics.reporters = []
	leader.imbalance.check.interval.seconds = 300
	listener.security.protocol.map = CONTROLLER:PLAINTEXT,PLAINTEXT:PLAINTEXT,SSL:SSL,SASL_PLAINTEXT:SASL_PLAINTEXT,SASL_SSL:SASL_SSL
	listeners = [PLAINTEXT://:9092, CONTROLLER://:9093]
	log.cleaner.backoff.ms = 15000
	log.cleaner.dedupe.buffer.size = 134217728
	log.cleaner.delete.retention.ms = 86400000
	log.cleaner.enable = true
	log.cleaner.io.buffer.load.factor = 0.9
	log.cleaner.io.buffer.size = 524288
	log.cleaner.io.max.bytes.per.second = 1.7976931348623157E308
	log.cleaner.max.compaction.lag.ms = 9223372036854775807
	log.cleaner.min.cleanable.ratio = 0.5
	log.cleaner.min.compaction.lag.ms = 0
	log.cleaner.threads = 1
	log.cleanup.policy = [delete]
	log.dir = [/tmp/kafka-logs]
	log.dir.failure.timeout.ms = 30000
	log.dirs = [/tmp/kraft-combined-logs]
	log.flush.interval.messages = 9223372036854775807
	log.flush.interval.ms = null
	log.flush.offset.checkpoint.interval.ms = 60000
	log.flush.scheduler.interval.ms = 9223372036854775807
	log.flush.start.offset.checkpoint.interval.ms = 60000
	log.index.interval.bytes = 4096
	log.index.size.max.bytes = 10485760
	log.initial.task.delay.ms = 30000
	log.local.retention.bytes = -2
	log.local.retention.ms = -2
	log.message.timestamp.after.max.ms = 3600000
	log.message.timestamp.before.max.ms = 9223372036854775807
	log.message.timestamp.type = CreateTime
	log.preallocate = false
	log.retention.bytes = -1
	log.retention.check.interval.ms = 300000
	log.retention.hours = 168
	log.retention.minutes = null
	log.retention.ms = null
	log.roll.hours = 168
	log.roll.jitter.hours = 0
	log.roll.jitter.ms = null
	log.roll.ms = null
	log.segment.bytes = 1073741824
	log.segment.delete.delay.ms = 60000
	max.connection.creation.rate = 2147483647
	max.connections = 2147483647
	max.connections.per.ip = 2147483647
	max.connections.per.ip.overrides = 
	max.incremental.fetch.session.cache.slots = 1000
	max.request.partition.size.limit = 2000
	message.max.bytes = 1048588
	metadata.log.dir = null
	metadata.log.max.record.bytes.between.snapshots = 20971520
	metadata.log.max.snapshot.interval.ms = 3600000
	metadata.log.segment.bytes = 1073741824
	metadata.log.segment.ms = 604800000
	metadata.max.idle.interval.ms = 500
	metadata.max.retention.bytes = 104857600
	metadata.max.retention.ms = 604800000
	metric.reporters = [org.apache.kafka.common.metrics.JmxReporter]
	metrics.num.samples = 2
	metrics.recording.level = INFO
	metrics.sample.window.ms = 30000
	min.insync.replicas = 1
	node.id = 1
	num.io.threads = 8
	num.network.threads = 3
	num.partitions = 1
	num.recovery.threads.per.data.dir = 2
	num.replica.alter.log.dirs.threads = null
	num.replica.fetchers = 1
	offset.metadata.max.bytes = 4096
	offsets.commit.timeout.ms = 5000
	offsets.load.buffer.size = 5242880
	offsets.retention.check.interval.ms = 600000
	offsets.retention.minutes = 10080
	offsets.topic.compression.codec = 0
	offsets.topic.num.partitions = 50
	offsets.topic.replication.factor = 1
	offsets.topic.segment.bytes = 104857600
	principal.builder.class = class org.apache.kafka.common.security.authenticator.DefaultKafkaPrincipalBuilder
	process.roles = [broker, controller]
	producer.id.expiration.check.interval.ms = 600000
	producer.id.expiration.ms = 86400000
	producer.purgatory.purge.interval.requests = 1000
	queued.max.request.bytes = -1
	queued.max.requests = 500
	quota.window.num = 11
	quota.window.size.seconds = 1
	remote.fetch.max.wait.ms = 500
	remote.list.offsets.request.timeout.ms = 30000
	remote.log.index.file.cache.total.size.bytes = 1073741824
	remote.log.index.file.cache.ttl.ms = 900000
	remote.log.manager.copier.thread.pool.size = 10
	remote.log.manager.copy.max.bytes.per.second = 9223372036854775807
	remote.log.manager.copy.quota.window.num = 11
	remote.log.manager.copy.quota.window.size.seconds = 1
	remote.log.manager.expiration.thread.pool.size = 10
	remote.log.manager.fetch.max.bytes.per.second = 9223372036854775807
	remote.log.manager.fetch.quota.window.num = 11
	remote.log.manager.fetch.quota.window.size.seconds = 1
	remote.log.manager.follower.thread.pool.size = 2
	remote.log.manager.task.interval.ms = 30000
	remote.log.manager.task.retry.backoff.max.ms = 30000
	remote.log.manager.task.retry.backoff.ms = 500
	remote.log.manager.task.retry.jitter = 0.2
	remote.log.manager.thread.pool.size = 2
	remote.log.metadata.custom.metadata.max.bytes = 128
	remote.log.metadata.manager.class.name = org.apache.kafka.server.log.remote.metadata.storage.TopicBasedRemoteLogMetadataManager
	remote.log.metadata.manager.class.path = null
	remote.log.metadata.manager.impl.prefix = rlmm.config.
	remote.log.metadata.manager.listener.name = null
	remote.log.reader.max.pending.tasks = 100
	remote.log.reader.threads = 10
	remote.log.storage.manager.class.name = null
	remote.log.storage.manager.class.path = null
	remote.log.storage.manager.impl.prefix = rsm.config.
	remote.log.storage.system.enable = false
	replica.fetch.backoff.ms = 1000
	replica.fetch.max.bytes = 1048576
	replica.fetch.min.bytes = 1
	replica.fetch.response.max.bytes = 10485760
	replica.fetch.wait.max.ms = 500
	replica.high.watermark.checkpoint.interval.ms = 5000
	replica.lag.time.max.ms = 30000
	replica.selector.class = null
	replica.socket.receive.buffer.bytes = 65536
	replica.socket.timeout.ms = 30000
	replication.quota.window.num = 11
	replication.quota.window.size.seconds = 1
	request.timeout.ms = 30000
	sasl.client.callback.handler.class = null
	sasl.enabled.mechanisms = [GSSAPI]
	sasl.jaas.config = null
	sasl.kerberos.kinit.cmd = /usr/bin/kinit
	sasl.kerberos.min.time.before.relogin = 60000
	sasl.kerberos.principal.to.local.rules = [DEFAULT]
	sasl.kerberos.service.name = null
	sasl.kerberos.ticket.renew.jitter = 0.05
	sasl.kerberos.ticket.renew.window.factor = 0.8
	sasl.login.callback.handler.class = null
	sasl.login.class = null
	sasl.login.connect.timeout.ms = null
	sasl.login.read.timeout.ms = null
	sasl.login.refresh.buffer.seconds = 300
	sasl.login.refresh.min.period.seconds = 60
	sasl.login.refresh.window.factor = 0.8
	sasl.login.refresh.window.jitter = 0.05
	sasl.login.retry.backoff.max.ms = 10000
	sasl.login.retry.backoff.ms = 100
	sasl.mechanism.controller.protocol = GSSAPI
	sasl.mechanism.inter.broker.protocol = GSSAPI
	sasl.oauthbearer.assertion.algorithm = RS256
	sasl.oauthbearer.assertion.claim.aud = null
	sasl.oauthbearer.assertion.claim.exp.seconds = 300
	sasl.oauthbearer.assertion.claim.iss = null
	sasl.oauthbearer.assertion.claim.jti.include = false
	sasl.oauthbearer.assertion.claim.nbf.seconds = 60
	sasl.oauthbearer.assertion.claim.sub = null
	sasl.oauthbearer.assertion.file = null
	sasl.oauthbearer.assertion.private.key.file = null
	sasl.oauthbearer.assertion.private.key.passphrase = null
	sasl.oauthbearer.assertion.template.file = null
	sasl.oauthbearer.client.credentials.client.id = null
	sasl.oauthbearer.client.credentials.client.secret = null
	sasl.oauthbearer.clock.skew.seconds = 30
	sasl.oauthbearer.expected.audience = []
	sasl.oauthbearer.expected.issuer = null
	sasl.oauthbearer.jwks.endpoint.refresh.ms = 3600000
	sasl.oauthbearer.jwks.endpoint.retry.backoff.max.ms = 10000
	sasl.oauthbearer.jwks.endpoint.retry.backoff.ms = 100
	sasl.oauthbearer.jwks.endpoint.url = null
	sasl.oauthbearer.jwt.retriever.class = class org.apache.kafka.common.security.oauthbearer.DefaultJwtRetriever
	sasl.oauthbearer.jwt.validator.class = class org.apache.kafka.common.security.oauthbearer.DefaultJwtValidator
	sasl.oauthbearer.scope = null
	sasl.oauthbearer.scope.claim.name = scope
	sasl.oauthbearer.sub.claim.name = sub
	sasl.oauthbearer.token.endpoint.url = null
	sasl.server.callback.handler.class = null
	sasl.server.max.receive.size = 524288
	security.inter.broker.protocol = PLAINTEXT
	security.providers = null
	server.max.startup.time.ms = 9223372036854775807
	share.coordinator.append.linger.ms = -1
	share.coordinator.cached.buffer.max.bytes = 1048588
	share.coordinator.cold.partition.snapshot.interval.ms = 300000
	share.coordinator.load.buffer.size = 5242880
	share.coordinator.snapshot.update.records.per.snapshot = 500
	share.coordinator.state.topic.compression.codec = 0
	share.coordinator.state.topic.min.isr = 1
	share.coordinator.state.topic.num.partitions = 50
	share.coordinator.state.topic.prune.interval.ms = 300000
	share.coordinator.state.topic.replication.factor = 1
	share.coordinator.state.topic.segment.bytes = 104857600
	share.coordinator.threads = 1
	share.coordinator.write.timeout.ms = 5000
	share.fetch.purgatory.purge.interval.requests = 1000
	socket.connection.setup.timeout.max.ms = 30000
	socket.connection.setup.timeout.ms = 10000
	socket.listen.backlog.size = 50
	socket.receive.buffer.bytes = 102400
	socket.request.max.bytes = 104857600
	socket.send.buffer.bytes = 102400
	ssl.allow.dn.changes = false
	ssl.allow.san.changes = false
	ssl.cipher.suites = []
	ssl.client.auth = none
	ssl.enabled.protocols = [TLSv1.2, TLSv1.3]
	ssl.endpoint.identification.algorithm = https
	ssl.engine.factory.class = null
	ssl.key.password = null
	ssl.keymanager.algorithm = SunX509
	ssl.keystore.certificate.chain = null
	ssl.keystore.key = null
	ssl.keystore.location = null
	ssl.keystore.password = null
	ssl.keystore.type = JKS
	ssl.principal.mapping.rules = DEFAULT
	ssl.protocol = TLSv1.3
	ssl.provider = null
	ssl.secure.random.implementation = null
	ssl.trustmanager.algorithm = PKIX
	ssl.truststore.certificates = null
	ssl.truststore.location = null
	ssl.truststore.password = null
	ssl.truststore.type = JKS
	telemetry.max.bytes = 1048576
	transaction.abort.timed.out.transaction.cleanup.interval.ms = 10000
	transaction.max.timeout.ms = 900000
	transaction.partition.verification.enable = true
	transaction.remove.expired.transaction.cleanup.interval.ms = 3600000
	transaction.state.log.load.buffer.size = 5242880
	transaction.state.log.min.isr = 1
	transaction.state.log.num.partitions = 50
	transaction.state.log.replication.factor = 1
	transaction.state.log.segment.bytes = 104857600
	transaction.two.phase.commit.enable = false
	transactional.id.expiration.ms = 604800000
	unclean.leader.election.enable = false
	unclean.leader.election.interval.ms = 300000
	unstable.api.versions.enable = false
	unstable.feature.versions.enable = false
 (org.apache.kafka.common.config.AbstractConfig)
[2026-09-07 11:15:58,676] INFO [BrokerServer id=1] Waiting for the broker to be unfenced (kafka.server.BrokerServer)
[2026-09-07 11:15:58,716] INFO [BrokerLifecycleManager id=1] The broker has been unfenced. Transitioning from RECOVERY to RUNNING. (org.apache.kafka.server.BrokerLifecycleManager)
[2026-09-07 11:15:58,716] INFO [BrokerServer id=1] Finished waiting for the broker to be unfenced (kafka.server.BrokerServer)
[2026-09-07 11:15:58,717] INFO authorizerStart completed for endpoint PLAINTEXT. Endpoint is now READY. (org.apache.kafka.server.network.EndpointReadyFutures)
[2026-09-07 11:15:58,721] INFO [SocketServer listenerType=BROKER, nodeId=1] Enabling request processing. (kafka.network.SocketServer)
[2026-09-07 11:15:58,721] INFO [ReplicaFetcherManager on broker 1] Removed fetcher for partitions Set(__consumer_offsets-13, __consumer_offsets-46, __consumer_offsets-9, __consumer_offsets-42, __consumer_offsets-21, __consumer_offsets-17, __consumer_offsets-30, __consumer_offsets-26, __consumer_offsets-5, __consumer_offsets-38, __consumer_offsets-1, __consumer_offsets-34, __consumer_offsets-16, __consumer_offsets-45, __consumer_offsets-12, __consumer_offsets-41, __consumer_offsets-24, __consumer_offsets-20, __consumer_offsets-49, __consumer_offsets-0, __consumer_offsets-29, __consumer_offsets-25, __consumer_offsets-8, __consumer_offsets-37, __consumer_offsets-4, __consumer_offsets-33, __consumer_offsets-15, __consumer_offsets-48, __consumer_offsets-11, __consumer_offsets-44, __consumer_offsets-23, __consumer_offsets-19, __consumer_offsets-32, __consumer_offsets-28, __consumer_offsets-7, __consumer_offsets-40, __consumer_offsets-3, __consumer_offsets-36, __consumer_offsets-47, __consumer_offsets-14, __consumer_offsets-43, __consumer_offsets-10, __consumer_offsets-22, __consumer_offsets-18, __consumer_offsets-31, transfer-completed-0, __consumer_offsets-27, __consumer_offsets-39, __consumer_offsets-6, __consumer_offsets-35, __consumer_offsets-2) (kafka.server.ReplicaFetcherManager)
[2026-09-07 11:15:58,721] INFO Awaiting socket connections on 0.0.0.0:9092. (kafka.network.DataPlaneAcceptor)
[2026-09-07 11:15:58,722] INFO [BrokerServer id=1] Waiting for all of the authorizer futures to be completed (kafka.server.BrokerServer)
[2026-09-07 11:15:58,722] INFO [BrokerServer id=1] Finished waiting for all of the authorizer futures to be completed (kafka.server.BrokerServer)
[2026-09-07 11:15:58,722] INFO [BrokerServer id=1] Waiting for all of the SocketServer Acceptors to be started (kafka.server.BrokerServer)
[2026-09-07 11:15:58,722] INFO [BrokerServer id=1] Finished waiting for all of the SocketServer Acceptors to be started (kafka.server.BrokerServer)
[2026-09-07 11:15:58,722] INFO [BrokerServer id=1] Transition from STARTING to STARTED (kafka.server.BrokerServer)
[2026-09-07 11:15:58,722] INFO Kafka version: 4.3.1 (org.apache.kafka.common.utils.AppInfoParser)
[2026-09-07 11:15:58,722] INFO Kafka commitId: 26b251a451ce941d (org.apache.kafka.common.utils.AppInfoParser)
[2026-09-07 11:15:58,722] INFO Kafka startTimeMs: 1788750958722 (org.apache.kafka.common.utils.AppInfoParser)
[2026-09-07 11:15:58,723] INFO [KafkaRaftServer nodeId=1] Kafka Server started (kafka.server.KafkaRaftServer)
[2026-09-07 11:15:59,031] INFO [GroupCoordinator id=1] Scheduling loading of metadata from __consumer_offsets-13 with epoch 2 (org.apache.kafka.coordinator.common.runtime.CoordinatorRuntime)
[2026-09-07 11:15:59,033] INFO [GroupCoordinator id=1] Scheduling loading of metadata from __consumer_offsets-46 with epoch 2 (org.apache.kafka.coordinator.common.runtime.CoordinatorRuntime)
[2026-09-07 11:15:59,033] INFO [GroupCoordinator id=1] Scheduling loading of metadata from __consumer_offsets-9 with epoch 2 (org.apache.kafka.coordinator.common.runtime.CoordinatorRuntime)
[2026-09-07 11:15:59,033] INFO [GroupCoordinator id=1] Scheduling loading of metadata from __consumer_offsets-42 with epoch 2 (org.apache.kafka.coordinator.common.runtime.CoordinatorRuntime)
[2026-09-07 11:15:59,033] INFO [GroupCoordinator id=1] Scheduling loading of metadata from __consumer_offsets-21 with epoch 2 (org.apache.kafka.coordinator.common.runtime.CoordinatorRuntime)
[2026-09-07 11:15:59,033] INFO [GroupCoordinator id=1] Scheduling loading of metadata from __consumer_offsets-17 with epoch 2 (org.apache.kafka.coordinator.common.runtime.CoordinatorRuntime)
[2026-09-07 11:15:59,033] INFO [GroupCoordinator id=1] Scheduling loading of metadata from __consumer_offsets-30 with epoch 2 (org.apache.kafka.coordinator.common.runtime.CoordinatorRuntime)
[2026-09-07 11:15:59,033] INFO [GroupCoordinator id=1] Scheduling loading of metadata from __consumer_offsets-26 with epoch 2 (org.apache.kafka.coordinator.common.runtime.CoordinatorRuntime)
[2026-09-07 11:15:59,034] INFO [GroupCoordinator id=1] Scheduling loading of metadata from __consumer_offsets-5 with epoch 2 (org.apache.kafka.coordinator.common.runtime.CoordinatorRuntime)
[2026-09-07 11:15:59,034] INFO [GroupCoordinator id=1] Scheduling loading of metadata from __consumer_offsets-38 with epoch 2 (org.apache.kafka.coordinator.common.runtime.CoordinatorRuntime)
[2026-09-07 11:15:59,034] INFO [GroupCoordinator id=1] Scheduling loading of metadata from __consumer_offsets-1 with epoch 2 (org.apache.kafka.coordinator.common.runtime.CoordinatorRuntime)
[2026-09-07 11:15:59,034] INFO [GroupCoordinator id=1] Scheduling loading of metadata from __consumer_offsets-34 with epoch 2 (org.apache.kafka.coordinator.common.runtime.CoordinatorRuntime)
[2026-09-07 11:15:59,034] INFO [GroupCoordinator id=1] Scheduling loading of metadata from __consumer_offsets-16 with epoch 2 (org.apache.kafka.coordinator.common.runtime.CoordinatorRuntime)
[2026-09-07 11:15:59,034] INFO [GroupCoordinator id=1] Scheduling loading of metadata from __consumer_offsets-45 with epoch 2 (org.apache.kafka.coordinator.common.runtime.CoordinatorRuntime)
[2026-09-07 11:15:59,034] INFO [GroupCoordinator id=1] Scheduling loading of metadata from __consumer_offsets-12 with epoch 2 (org.apache.kafka.coordinator.common.runtime.CoordinatorRuntime)
[2026-09-07 11:15:59,034] INFO [GroupCoordinator id=1] Scheduling loading of metadata from __consumer_offsets-41 with epoch 2 (org.apache.kafka.coordinator.common.runtime.CoordinatorRuntime)
[2026-09-07 11:15:59,034] INFO [GroupCoordinator id=1] Scheduling loading of metadata from __consumer_offsets-24 with epoch 2 (org.apache.kafka.coordinator.common.runtime.CoordinatorRuntime)
[2026-09-07 11:15:59,034] INFO [GroupCoordinator id=1] Scheduling loading of metadata from __consumer_offsets-20 with epoch 2 (org.apache.kafka.coordinator.common.runtime.CoordinatorRuntime)
[2026-09-07 11:15:59,034] INFO [GroupCoordinator id=1] Scheduling loading of metadata from __consumer_offsets-49 with epoch 2 (org.apache.kafka.coordinator.common.runtime.CoordinatorRuntime)
[2026-09-07 11:15:59,034] INFO [GroupCoordinator id=1] Scheduling loading of metadata from __consumer_offsets-0 with epoch 2 (org.apache.kafka.coordinator.common.runtime.CoordinatorRuntime)
[2026-09-07 11:15:59,034] INFO [GroupCoordinator id=1] Scheduling loading of metadata from __consumer_offsets-29 with epoch 2 (org.apache.kafka.coordinator.common.runtime.CoordinatorRuntime)
[2026-09-07 11:15:59,034] INFO [GroupCoordinator id=1] Scheduling loading of metadata from __consumer_offsets-25 with epoch 2 (org.apache.kafka.coordinator.common.runtime.CoordinatorRuntime)
[2026-09-07 11:15:59,034] INFO [GroupCoordinator id=1] Scheduling loading of metadata from __consumer_offsets-8 with epoch 2 (org.apache.kafka.coordinator.common.runtime.CoordinatorRuntime)
[2026-09-07 11:15:59,035] INFO [GroupCoordinator id=1] Scheduling loading of metadata from __consumer_offsets-37 with epoch 2 (org.apache.kafka.coordinator.common.runtime.CoordinatorRuntime)
[2026-09-07 11:15:59,035] INFO [GroupCoordinator id=1] Scheduling loading of metadata from __consumer_offsets-4 with epoch 2 (org.apache.kafka.coordinator.common.runtime.CoordinatorRuntime)
[2026-09-07 11:15:59,035] INFO [GroupCoordinator id=1] Scheduling loading of metadata from __consumer_offsets-33 with epoch 2 (org.apache.kafka.coordinator.common.runtime.CoordinatorRuntime)
[2026-09-07 11:15:59,035] INFO [GroupCoordinator id=1] Scheduling loading of metadata from __consumer_offsets-15 with epoch 2 (org.apache.kafka.coordinator.common.runtime.CoordinatorRuntime)
[2026-09-07 11:15:59,035] INFO [GroupCoordinator id=1] Scheduling loading of metadata from __consumer_offsets-48 with epoch 2 (org.apache.kafka.coordinator.common.runtime.CoordinatorRuntime)
[2026-09-07 11:15:59,035] INFO [GroupCoordinator id=1] Scheduling loading of metadata from __consumer_offsets-11 with epoch 2 (org.apache.kafka.coordinator.common.runtime.CoordinatorRuntime)
[2026-09-07 11:15:59,035] INFO [GroupCoordinator id=1] Scheduling loading of metadata from __consumer_offsets-44 with epoch 2 (org.apache.kafka.coordinator.common.runtime.CoordinatorRuntime)
[2026-09-07 11:15:59,035] INFO [GroupCoordinator id=1] Scheduling loading of metadata from __consumer_offsets-23 with epoch 2 (org.apache.kafka.coordinator.common.runtime.CoordinatorRuntime)
[2026-09-07 11:15:59,035] INFO [GroupCoordinator id=1] Scheduling loading of metadata from __consumer_offsets-19 with epoch 2 (org.apache.kafka.coordinator.common.runtime.CoordinatorRuntime)
[2026-09-07 11:15:59,035] INFO [GroupCoordinator id=1] Scheduling loading of metadata from __consumer_offsets-32 with epoch 2 (org.apache.kafka.coordinator.common.runtime.CoordinatorRuntime)
[2026-09-07 11:15:59,035] INFO [GroupCoordinator id=1] Scheduling loading of metadata from __consumer_offsets-28 with epoch 2 (org.apache.kafka.coordinator.common.runtime.CoordinatorRuntime)
[2026-09-07 11:15:59,035] INFO [GroupCoordinator id=1] Scheduling loading of metadata from __consumer_offsets-7 with epoch 2 (org.apache.kafka.coordinator.common.runtime.CoordinatorRuntime)
[2026-09-07 11:15:59,036] INFO [GroupCoordinator id=1] Scheduling loading of metadata from __consumer_offsets-40 with epoch 2 (org.apache.kafka.coordinator.common.runtime.CoordinatorRuntime)
[2026-09-07 11:15:59,036] INFO [GroupCoordinator id=1] Scheduling loading of metadata from __consumer_offsets-3 with epoch 2 (org.apache.kafka.coordinator.common.runtime.CoordinatorRuntime)
[2026-09-07 11:15:59,036] INFO [GroupCoordinator id=1] Scheduling loading of metadata from __consumer_offsets-36 with epoch 2 (org.apache.kafka.coordinator.common.runtime.CoordinatorRuntime)
[2026-09-07 11:15:59,036] INFO [GroupCoordinator id=1] Scheduling loading of metadata from __consumer_offsets-47 with epoch 2 (org.apache.kafka.coordinator.common.runtime.CoordinatorRuntime)
[2026-09-07 11:15:59,036] INFO [GroupCoordinator id=1] Scheduling loading of metadata from __consumer_offsets-14 with epoch 2 (org.apache.kafka.coordinator.common.runtime.CoordinatorRuntime)
[2026-09-07 11:15:59,036] INFO [GroupCoordinator id=1] Scheduling loading of metadata from __consumer_offsets-43 with epoch 2 (org.apache.kafka.coordinator.common.runtime.CoordinatorRuntime)
[2026-09-07 11:15:59,036] INFO [GroupCoordinator id=1] Scheduling loading of metadata from __consumer_offsets-10 with epoch 2 (org.apache.kafka.coordinator.common.runtime.CoordinatorRuntime)
[2026-09-07 11:15:59,036] INFO [GroupCoordinator id=1] Scheduling loading of metadata from __consumer_offsets-22 with epoch 2 (org.apache.kafka.coordinator.common.runtime.CoordinatorRuntime)
[2026-09-07 11:15:59,036] INFO [GroupCoordinator id=1] Scheduling loading of metadata from __consumer_offsets-18 with epoch 2 (org.apache.kafka.coordinator.common.runtime.CoordinatorRuntime)
[2026-09-07 11:15:59,036] INFO [GroupCoordinator id=1] Scheduling loading of metadata from __consumer_offsets-31 with epoch 2 (org.apache.kafka.coordinator.common.runtime.CoordinatorRuntime)
[2026-09-07 11:15:59,036] INFO [GroupCoordinator id=1] Scheduling loading of metadata from __consumer_offsets-27 with epoch 2 (org.apache.kafka.coordinator.common.runtime.CoordinatorRuntime)
[2026-09-07 11:15:59,036] INFO [GroupCoordinator id=1] Scheduling loading of metadata from __consumer_offsets-39 with epoch 2 (org.apache.kafka.coordinator.common.runtime.CoordinatorRuntime)
[2026-09-07 11:15:59,037] INFO [GroupCoordinator id=1] Scheduling loading of metadata from __consumer_offsets-6 with epoch 2 (org.apache.kafka.coordinator.common.runtime.CoordinatorRuntime)
[2026-09-07 11:15:59,037] INFO [GroupCoordinator id=1] Scheduling loading of metadata from __consumer_offsets-35 with epoch 2 (org.apache.kafka.coordinator.common.runtime.CoordinatorRuntime)
[2026-09-07 11:15:59,037] INFO [GroupCoordinator id=1] Scheduling loading of metadata from __consumer_offsets-2 with epoch 2 (org.apache.kafka.coordinator.common.runtime.CoordinatorRuntime)
[2026-09-07 11:15:59,047] INFO [GroupCoordinator id=1] Finished loading of metadata from __consumer_offsets-20 with epoch 2 in 0ms where 0ms was spent in the scheduler. Loaded 0 records which total to 0 bytes. (org.apache.kafka.coordinator.common.runtime.CoordinatorRuntime)
[2026-09-07 11:15:59,047] INFO [GroupCoordinator id=1] Finished loading of metadata from __consumer_offsets-1 with epoch 2 in 0ms where 0ms was spent in the scheduler. Loaded 0 records which total to 0 bytes. (org.apache.kafka.coordinator.common.runtime.CoordinatorRuntime)
[2026-09-07 11:15:59,047] INFO [GroupCoordinator id=1] Finished loading of metadata from __consumer_offsets-29 with epoch 2 in 0ms where 0ms was spent in the scheduler. Loaded 0 records which total to 0 bytes. (org.apache.kafka.coordinator.common.runtime.CoordinatorRuntime)
[2026-09-07 11:15:59,047] INFO [GroupCoordinator id=1] Finished loading of metadata from __consumer_offsets-0 with epoch 2 in 1ms where 1ms was spent in the scheduler. Loaded 0 records which total to 0 bytes. (org.apache.kafka.coordinator.common.runtime.CoordinatorRuntime)
[2026-09-07 11:15:59,047] INFO [GroupCoordinator id=1] Finished loading of metadata from __consumer_offsets-17 with epoch 2 in 0ms where 0ms was spent in the scheduler. Loaded 0 records which total to 0 bytes. (org.apache.kafka.coordinator.common.runtime.CoordinatorRuntime)
[2026-09-07 11:15:59,047] INFO [GroupCoordinator id=1] Finished loading of metadata from __consumer_offsets-5 with epoch 2 in 0ms where 0ms was spent in the scheduler. Loaded 0 records which total to 0 bytes. (org.apache.kafka.coordinator.common.runtime.CoordinatorRuntime)
[2026-09-07 11:15:59,047] INFO [GroupCoordinator id=1] Finished loading of metadata from __consumer_offsets-7 with epoch 2 in 0ms where 0ms was spent in the scheduler. Loaded 0 records which total to 0 bytes. (org.apache.kafka.coordinator.common.runtime.CoordinatorRuntime)
[2026-09-07 11:15:59,047] INFO [GroupCoordinator id=1] Finished loading of metadata from __consumer_offsets-42 with epoch 2 in 2ms where 2ms was spent in the scheduler. Loaded 0 records which total to 0 bytes. (org.apache.kafka.coordinator.common.runtime.CoordinatorRuntime)
[2026-09-07 11:15:59,047] INFO [GroupCoordinator id=1] Finished loading of metadata from __consumer_offsets-49 with epoch 2 in 0ms where 0ms was spent in the scheduler. Loaded 0 records which total to 0 bytes. (org.apache.kafka.coordinator.common.runtime.CoordinatorRuntime)
[2026-09-07 11:15:59,047] INFO [GroupCoordinator id=1] Finished loading of metadata from __consumer_offsets-8 with epoch 2 in 0ms where 0ms was spent in the scheduler. Loaded 0 records which total to 0 bytes. (org.apache.kafka.coordinator.common.runtime.CoordinatorRuntime)
[2026-09-07 11:15:59,047] INFO [GroupCoordinator id=1] Finished loading of metadata from __consumer_offsets-38 with epoch 2 in 0ms where 0ms was spent in the scheduler. Loaded 0 records which total to 0 bytes. (org.apache.kafka.coordinator.common.runtime.CoordinatorRuntime)
[2026-09-07 11:15:59,047] INFO [GroupCoordinator id=1] Finished loading of metadata from __consumer_offsets-41 with epoch 2 in 0ms where 0ms was spent in the scheduler. Loaded 0 records which total to 0 bytes. (org.apache.kafka.coordinator.common.runtime.CoordinatorRuntime)
[2026-09-07 11:15:59,047] INFO [GroupCoordinator id=1] Finished loading of metadata from __consumer_offsets-18 with epoch 2 in 0ms where 0ms was spent in the scheduler. Loaded 0 records which total to 0 bytes. (org.apache.kafka.coordinator.common.runtime.CoordinatorRuntime)
[2026-09-07 11:15:59,047] INFO [GroupCoordinator id=1] Finished loading of metadata from __consumer_offsets-24 with epoch 2 in 0ms where 0ms was spent in the scheduler. Loaded 0 records which total to 0 bytes. (org.apache.kafka.coordinator.common.runtime.CoordinatorRuntime)
[2026-09-07 11:15:59,047] INFO [GroupCoordinator id=1] Finished loading of metadata from __consumer_offsets-2 with epoch 2 in 1ms where 1ms was spent in the scheduler. Loaded 0 records which total to 0 bytes. (org.apache.kafka.coordinator.common.runtime.CoordinatorRuntime)
[2026-09-07 11:15:59,048] INFO [GroupCoordinator id=1] Finished loading of metadata from __consumer_offsets-32 with epoch 2 in 0ms where 0ms was spent in the scheduler. Loaded 0 records which total to 0 bytes. (org.apache.kafka.coordinator.common.runtime.CoordinatorRuntime)
[2026-09-07 11:15:59,048] INFO [GroupCoordinator id=1] Finished loading of metadata from __consumer_offsets-26 with epoch 2 in 0ms where 0ms was spent in the scheduler. Loaded 0 records which total to 0 bytes. (org.apache.kafka.coordinator.common.runtime.CoordinatorRuntime)
[2026-09-07 11:15:59,048] INFO [GroupCoordinator id=1] Finished loading of metadata from __consumer_offsets-3 with epoch 2 in 0ms where 0ms was spent in the scheduler. Loaded 0 records which total to 0 bytes. (org.apache.kafka.coordinator.common.runtime.CoordinatorRuntime)
[2026-09-07 11:15:59,048] INFO [GroupCoordinator id=1] Finished loading of metadata from __consumer_offsets-11 with epoch 2 in 0ms where 0ms was spent in the scheduler. Loaded 0 records which total to 0 bytes. (org.apache.kafka.coordinator.common.runtime.CoordinatorRuntime)
[2026-09-07 11:15:59,048] INFO [GroupCoordinator id=1] Finished loading of metadata from __consumer_offsets-28 with epoch 2 in 0ms where 0ms was spent in the scheduler. Loaded 0 records which total to 0 bytes. (org.apache.kafka.coordinator.common.runtime.CoordinatorRuntime)
[2026-09-07 11:15:59,048] INFO [GroupCoordinator id=1] Finished loading of metadata from __consumer_offsets-39 with epoch 2 in 0ms where 0ms was spent in the scheduler. Loaded 0 records which total to 0 bytes. (org.apache.kafka.coordinator.common.runtime.CoordinatorRuntime)
[2026-09-07 11:15:59,048] INFO [GroupCoordinator id=1] Finished loading of metadata from __consumer_offsets-12 with epoch 2 in 0ms where 0ms was spent in the scheduler. Loaded 0 records which total to 0 bytes. (org.apache.kafka.coordinator.common.runtime.CoordinatorRuntime)
[2026-09-07 11:15:59,048] INFO [GroupCoordinator id=1] Finished loading of metadata from __consumer_offsets-37 with epoch 2 in 1ms where 1ms was spent in the scheduler. Loaded 0 records which total to 0 bytes. (org.apache.kafka.coordinator.common.runtime.CoordinatorRuntime)
[2026-09-07 11:15:59,048] INFO [GroupCoordinator id=1] Finished loading of metadata from __consumer_offsets-22 with epoch 2 in 0ms where 0ms was spent in the scheduler. Loaded 0 records which total to 0 bytes. (org.apache.kafka.coordinator.common.runtime.CoordinatorRuntime)
[2026-09-07 11:15:59,048] INFO [GroupCoordinator id=1] Finished loading of metadata from __consumer_offsets-35 with epoch 2 in 0ms where 0ms was spent in the scheduler. Loaded 0 records which total to 0 bytes. (org.apache.kafka.coordinator.common.runtime.CoordinatorRuntime)
[2026-09-07 11:15:59,048] INFO [GroupCoordinator id=1] Finished loading of metadata from __consumer_offsets-31 with epoch 2 in 0ms where 0ms was spent in the scheduler. Loaded 0 records which total to 0 bytes. (org.apache.kafka.coordinator.common.runtime.CoordinatorRuntime)
[2026-09-07 11:15:59,048] INFO [GroupCoordinator id=1] Finished loading of metadata from __consumer_offsets-43 with epoch 2 in 1ms where 1ms was spent in the scheduler. Loaded 0 records which total to 0 bytes. (org.apache.kafka.coordinator.common.runtime.CoordinatorRuntime)
[2026-09-07 11:15:59,048] INFO [GroupCoordinator id=1] Finished loading of metadata from __consumer_offsets-36 with epoch 2 in 0ms where 0ms was spent in the scheduler. Loaded 0 records which total to 0 bytes. (org.apache.kafka.coordinator.common.runtime.CoordinatorRuntime)
[2026-09-07 11:15:59,048] INFO [GroupCoordinator id=1] Finished loading of metadata from __consumer_offsets-13 with epoch 2 in 2ms where 2ms was spent in the scheduler. Loaded 0 records which total to 0 bytes. (org.apache.kafka.coordinator.common.runtime.CoordinatorRuntime)
[2026-09-07 11:15:59,048] INFO [GroupCoordinator id=1] Finished loading of metadata from __consumer_offsets-33 with epoch 2 in 0ms where 0ms was spent in the scheduler. Loaded 0 records which total to 0 bytes. (org.apache.kafka.coordinator.common.runtime.CoordinatorRuntime)
[2026-09-07 11:15:59,048] INFO [GroupCoordinator id=1] Finished loading of metadata from __consumer_offsets-46 with epoch 2 in 2ms where 2ms was spent in the scheduler. Loaded 0 records which total to 0 bytes. (org.apache.kafka.coordinator.common.runtime.CoordinatorRuntime)
[2026-09-07 11:15:59,048] INFO [GroupCoordinator id=1] Finished loading of metadata from __consumer_offsets-14 with epoch 2 in 0ms where 0ms was spent in the scheduler. Loaded 0 records which total to 0 bytes. (org.apache.kafka.coordinator.common.runtime.CoordinatorRuntime)
[2026-09-07 11:15:59,048] INFO [GroupCoordinator id=1] Finished loading of metadata from __consumer_offsets-9 with epoch 2 in 2ms where 1ms was spent in the scheduler. Loaded 0 records which total to 0 bytes. (org.apache.kafka.coordinator.common.runtime.CoordinatorRuntime)
[2026-09-07 11:15:59,048] INFO [GroupCoordinator id=1] Finished loading of metadata from __consumer_offsets-34 with epoch 2 in 0ms where 0ms was spent in the scheduler. Loaded 0 records which total to 0 bytes. (org.apache.kafka.coordinator.common.runtime.CoordinatorRuntime)
[2026-09-07 11:15:59,048] INFO [GroupCoordinator id=1] Finished loading of metadata from __consumer_offsets-45 with epoch 2 in 0ms where 0ms was spent in the scheduler. Loaded 0 records which total to 0 bytes. (org.apache.kafka.coordinator.common.runtime.CoordinatorRuntime)
[2026-09-07 11:15:59,057] INFO [GroupCoordinator id=1] Finished loading of metadata from __consumer_offsets-25 with epoch 2 in 9ms where 9ms was spent in the scheduler. Loaded 0 records which total to 0 bytes. (org.apache.kafka.coordinator.common.runtime.CoordinatorRuntime)
[2026-09-07 11:15:59,057] INFO [GroupCoordinator id=1] Finished loading of metadata from __consumer_offsets-15 with epoch 2 in 10ms where 10ms was spent in the scheduler. Loaded 0 records which total to 0 bytes. (org.apache.kafka.coordinator.common.runtime.CoordinatorRuntime)
[2026-09-07 11:15:59,057] INFO [GroupCoordinator id=1 topic=__consumer_offsets partition=47] Loaded classic group ledger-service with 1 members. (org.apache.kafka.coordinator.group.GroupMetadataManager)
[2026-09-07 11:15:59,057] INFO [GroupCoordinator id=1] Finished loading of metadata from __consumer_offsets-6 with epoch 2 in 10ms where 10ms was spent in the scheduler. Loaded 0 records which total to 0 bytes. (org.apache.kafka.coordinator.common.runtime.CoordinatorRuntime)
[2026-09-07 11:15:59,057] INFO [GroupCoordinator id=1] Finished loading of metadata from __consumer_offsets-19 with epoch 2 in 10ms where 10ms was spent in the scheduler. Loaded 0 records which total to 0 bytes. (org.apache.kafka.coordinator.common.runtime.CoordinatorRuntime)
[2026-09-07 11:15:59,057] INFO [GroupCoordinator id=1] Finished loading of metadata from __consumer_offsets-21 with epoch 2 in 10ms where 10ms was spent in the scheduler. Loaded 0 records which total to 0 bytes. (org.apache.kafka.coordinator.common.runtime.CoordinatorRuntime)
[2026-09-07 11:15:59,057] INFO [GroupCoordinator id=1] Finished loading of metadata from __consumer_offsets-30 with epoch 2 in 9ms where 9ms was spent in the scheduler. Loaded 0 records which total to 0 bytes. (org.apache.kafka.coordinator.common.runtime.CoordinatorRuntime)
[2026-09-07 11:15:59,057] INFO [GroupCoordinator id=1] Finished loading of metadata from __consumer_offsets-44 with epoch 2 in 9ms where 9ms was spent in the scheduler. Loaded 0 records which total to 0 bytes. (org.apache.kafka.coordinator.common.runtime.CoordinatorRuntime)
[2026-09-07 11:15:59,057] INFO [GroupCoordinator id=1] Finished loading of metadata from __consumer_offsets-4 with epoch 2 in 10ms where 10ms was spent in the scheduler. Loaded 0 records which total to 0 bytes. (org.apache.kafka.coordinator.common.runtime.CoordinatorRuntime)
[2026-09-07 11:15:59,057] INFO [GroupCoordinator id=1] Finished loading of metadata from __consumer_offsets-10 with epoch 2 in 10ms where 10ms was spent in the scheduler. Loaded 0 records which total to 0 bytes. (org.apache.kafka.coordinator.common.runtime.CoordinatorRuntime)
[2026-09-07 11:15:59,057] INFO [GroupCoordinator id=1] Finished loading of metadata from __consumer_offsets-23 with epoch 2 in 9ms where 9ms was spent in the scheduler. Loaded 0 records which total to 0 bytes. (org.apache.kafka.coordinator.common.runtime.CoordinatorRuntime)
[2026-09-07 11:15:59,057] INFO [GroupCoordinator id=1] Finished loading of metadata from __consumer_offsets-40 with epoch 2 in 9ms where 9ms was spent in the scheduler. Loaded 0 records which total to 0 bytes. (org.apache.kafka.coordinator.common.runtime.CoordinatorRuntime)
[2026-09-07 11:15:59,057] INFO [GroupCoordinator id=1] Finished loading of metadata from __consumer_offsets-16 with epoch 2 in 10ms where 10ms was spent in the scheduler. Loaded 0 records which total to 0 bytes. (org.apache.kafka.coordinator.common.runtime.CoordinatorRuntime)
[2026-09-07 11:15:59,057] INFO [GroupCoordinator id=1] Finished loading of metadata from __consumer_offsets-48 with epoch 2 in 9ms where 9ms was spent in the scheduler. Loaded 0 records which total to 0 bytes. (org.apache.kafka.coordinator.common.runtime.CoordinatorRuntime)
[2026-09-07 11:15:59,057] INFO [GroupCoordinator id=1] Finished loading of metadata from __consumer_offsets-27 with epoch 2 in 9ms where 9ms was spent in the scheduler. Loaded 0 records which total to 0 bytes. (org.apache.kafka.coordinator.common.runtime.CoordinatorRuntime)
[2026-09-07 11:15:59,057] INFO [GroupCoordinator id=1] Finished loading of metadata from __consumer_offsets-47 with epoch 2 in 11ms where 1ms was spent in the scheduler. Loaded 387 records which total to 65935 bytes. (org.apache.kafka.coordinator.common.runtime.CoordinatorRuntime)
[2026-09-07 11:16:34,028] INFO [GroupCoordinator id=1 topic=__consumer_offsets partition=47] Dynamic member with unknown member id joins group ledger-service in Stable state. Created a new member id consumer-ledger-service-1-68ad314f-ae18-49b8-b92f-d21f74e64d5e and requesting the member to rejoin with this id. (org.apache.kafka.coordinator.group.GroupMetadataManager)
[2026-09-07 11:16:34,030] INFO [GroupCoordinator id=1 topic=__consumer_offsets partition=47] Pending dynamic member with id consumer-ledger-service-1-68ad314f-ae18-49b8-b92f-d21f74e64d5e joins group ledger-service in Stable state. Adding to the group now. (org.apache.kafka.coordinator.group.GroupMetadataManager)
[2026-09-07 11:16:34,031] INFO [GroupCoordinator id=1 topic=__consumer_offsets partition=47] Preparing to rebalance group ledger-service in state PreparingRebalance with old generation 70 (reason: Adding new member consumer-ledger-service-1-68ad314f-ae18-49b8-b92f-d21f74e64d5e with group instance id null; client reason: need to re-join with the given member-id: consumer-ledger-service-1-68ad314f-ae18-49b8-b92f-d21f74e64d5e). (org.apache.kafka.coordinator.group.GroupMetadataManager)
[2026-09-07 11:16:44,063] INFO [GroupCoordinator id=1 topic=__consumer_offsets partition=47] Member consumer-ledger-service-1-00be679e-58a2-40d9-a6ff-120022c8e36e in group ledger-service has failed, removing it from the group. (org.apache.kafka.coordinator.group.GroupMetadataManager)
[2026-09-07 11:16:44,065] INFO [GroupCoordinator id=1 topic=__consumer_offsets partition=47] Stabilized group ledger-service generation 71 with 1 members. (org.apache.kafka.coordinator.group.GroupMetadataManager)
[2026-09-07 11:16:44,071] INFO [GroupCoordinator id=1 topic=__consumer_offsets partition=47] Assignment received from leader consumer-ledger-service-1-68ad314f-ae18-49b8-b92f-d21f74e64d5e for group ledger-service for generation 71. The group has 1 members, 0 of which are static. (org.apache.kafka.coordinator.group.GroupMetadataManager)
